"../../../Engine/Content/EditorResources/S_Actor.ubulk" 0
"../../../Engine/Content/EditorResources/S_Actor.uasset" 1
"../../../Engine/Content/EditorResources/S_Actor.uexp" 2
"../../../Engine/Content/EditorResources/S_BoxReflectionCapture.uasset" 3
"../../../Engine/Content/EditorResources/S_BoxReflectionCapture.uexp" 4
"../../../Engine/Content/EngineResources/DefaultTexture.ubulk" 5
"../../../Engine/Content/EngineResources/DefaultTexture.uasset" 6
"../../../Engine/Content/EngineResources/DefaultTexture.uexp" 7
"../../../Engine/Content/EngineResources/DefaultTextureCube.uasset" 8
"../../../Engine/Content/EngineResources/DefaultTextureCube.uexp" 9
"../../../Engine/Content/EngineResources/DefaultVolumeTexture2D.uasset" 10
"../../../Engine/Content/EngineResources/DefaultVolumeTexture2D.uexp" 11
"../../../Engine/Content/EngineResources/DefaultVolumeTexture.uasset" 12
"../../../Engine/Content/EngineResources/DefaultVolumeTexture.uexp" 13
"../../../Engine/Content/EditorResources/S_Trigger.ubulk" 14
"../../../Engine/Content/EditorResources/S_Trigger.uasset" 15
"../../../Engine/Content/EditorResources/S_Trigger.uexp" 16
"../../../Engine/Content/EditorResources/S_TriggerBox.uasset" 17
"../../../Engine/Content/EditorResources/S_TriggerBox.uexp" 18
"../../../Engine/Content/EditorResources/S_TriggerCapsule.uasset" 19
"../../../Engine/Content/EditorResources/S_TriggerCapsule.uexp" 20
"../../../Engine/Content/EditorResources/S_TriggerSphere.uasset" 21
"../../../Engine/Content/EditorResources/S_TriggerSphere.uexp" 22
"../../../Engine/Content/EngineMeshes/Sphere.ubulk" 23
"../../../Engine/Content/EngineMeshes/Sphere.uasset" 24
"../../../Engine/Content/EngineMeshes/Sphere.uexp" 25
"../../../Engine/Content/EngineResources/GradientTexture0.uasset" 26
"../../../Engine/Content/EngineResources/GradientTexture0.uexp" 27
"../../../Engine/Content/EngineResources/Black.uasset" 28
"../../../Engine/Content/EngineResources/Black.uexp" 29
"../../../Engine/Content/VREditor/LaserPointer/VR_LaserPower_01.ubulk" 30
"../../../Engine/Content/VREditor/LaserPointer/VR_LaserPower_01.uasset" 31
"../../../Engine/Content/VREditor/LaserPointer/VR_LaserPower_01.uexp" 32
"../../../Engine/Content/VREditor/TransformGizmo/TransformGizmoMaterial.uasset" 33
"../../../Engine/Content/VREditor/TransformGizmo/TransformGizmoMaterial.uexp" 34
"../../../Engine/Content/VREditor/TransformGizmo/TranslucentTransformGizmoMaterial.uasset" 35
"../../../Engine/Content/VREditor/TransformGizmo/TranslucentTransformGizmoMaterial.uexp" 36
"../../../Engine/Content/VREditor/TransformGizmo/BoundingBoxCorner.ubulk" 37
"../../../Engine/Content/VREditor/TransformGizmo/BoundingBoxCorner.uasset" 38
"../../../Engine/Content/VREditor/TransformGizmo/BoundingBoxCorner.uexp" 39
"../../../Engine/Content/VREditor/TransformGizmo/BoundingBoxEdge.ubulk" 40
"../../../Engine/Content/VREditor/TransformGizmo/BoundingBoxEdge.uasset" 41
"../../../Engine/Content/VREditor/TransformGizmo/BoundingBoxEdge.uexp" 42
"../../../Engine/Content/VREditor/TransformGizmo/Main.uasset" 43
"../../../Engine/Content/VREditor/TransformGizmo/Main.uexp" 44
"../../../Engine/Content/VREditor/TransformGizmo/Xray.uasset" 45
"../../../Engine/Content/VREditor/TransformGizmo/Xray.uexp" 46
"../../../Engine/Content/VREditor/TransformGizmo/SM_Sequencer_Node.ubulk" 47
"../../../Engine/Content/VREditor/TransformGizmo/SM_Sequencer_Node.uasset" 48
"../../../Engine/Content/VREditor/TransformGizmo/SM_Sequencer_Node.uexp" 49
"../../../Engine/Content/EditorResources/S_Solver.ubulk" 50
"../../../Engine/Content/EditorResources/S_Solver.uasset" 51
"../../../Engine/Content/EditorResources/S_Solver.uexp" 52
"../../../Engine/Content/EditorMaterials/Camera/CineMat.uasset" 53
"../../../Engine/Content/EditorMaterials/Camera/CineMat.uexp" 54
"../../../Engine/Content/EditorMaterials/Camera/MI_CineMat_Rig.uasset" 55
"../../../Engine/Content/EditorMaterials/Camera/MI_CineMat_Rig.uexp" 56
"../../../Engine/Content/EditorMeshes/Camera/SM_CraneRig_Base.ubulk" 57
"../../../Engine/Content/EditorMeshes/Camera/SM_CraneRig_Base.uasset" 58
"../../../Engine/Content/EditorMeshes/Camera/SM_CraneRig_Base.uexp" 59
"../../../Engine/Content/EditorMeshes/Camera/SM_CraneRig_Arm.ubulk" 60
"../../../Engine/Content/EditorMeshes/Camera/SM_CraneRig_Arm.uasset" 61
"../../../Engine/Content/EditorMeshes/Camera/SM_CraneRig_Arm.uexp" 62
"../../../Engine/Content/EditorMeshes/Camera/SM_CraneRig_Mount.ubulk" 63
"../../../Engine/Content/EditorMeshes/Camera/SM_CraneRig_Mount.uasset" 64
"../../../Engine/Content/EditorMeshes/Camera/SM_CraneRig_Mount.uexp" 65
"../../../Engine/Content/EditorMeshes/Camera/SM_CraneRig_Body.ubulk" 66
"../../../Engine/Content/EditorMeshes/Camera/SM_CraneRig_Body.uasset" 67
"../../../Engine/Content/EditorMeshes/Camera/SM_CraneRig_Body.uexp" 68
"../../../Engine/Content/EditorMeshes/Camera/SM_RailRig_Track.ubulk" 69
"../../../Engine/Content/EditorMeshes/Camera/SM_RailRig_Track.uasset" 70
"../../../Engine/Content/EditorMeshes/Camera/SM_RailRig_Track.uexp" 71
"../../../Engine/Content/EditorMeshes/Camera/SM_RailRig_Mount.ubulk" 72
"../../../Engine/Content/EditorMeshes/Camera/SM_RailRig_Mount.uasset" 73
"../../../Engine/Content/EditorMeshes/Camera/SM_RailRig_Mount.uexp" 74
"../../../Engine/Content/EngineMaterials/T_Default_Material_Grid_M.ubulk" 75
"../../../Engine/Content/EngineMaterials/T_Default_Material_Grid_M.uasset" 76
"../../../Engine/Content/EngineMaterials/T_Default_Material_Grid_M.uexp" 77
"../../../Engine/Content/EngineMaterials/T_Default_Material_Grid_N.ubulk" 78
"../../../Engine/Content/EngineMaterials/T_Default_Material_Grid_N.uasset" 79
"../../../Engine/Content/EngineMaterials/T_Default_Material_Grid_N.uexp" 80
"../../../Engine/Content/Functions/Engine_MaterialFunctions01/Opacity/CameraDepthFade.uasset" 81
"../../../Engine/Content/Functions/Engine_MaterialFunctions01/Opacity/CameraDepthFade.uexp" 82
"../../../Engine/Content/EngineMaterials/WorldGridMaterial.uasset" 83
"../../../Engine/Content/EngineMaterials/WorldGridMaterial.uexp" 84
"../../../Engine/Content/ArtTools/RenderToTexture/Meshes/S_1_Unit_Plane.ubulk" 85
"../../../Engine/Content/ArtTools/RenderToTexture/Meshes/S_1_Unit_Plane.uasset" 86
"../../../Engine/Content/ArtTools/RenderToTexture/Meshes/S_1_Unit_Plane.uexp" 87
"../../../Engine/Content/EditorMaterials/ParticleSystems/PSysThumbnail_NoImage.ubulk" 88
"../../../Engine/Content/EditorMaterials/ParticleSystems/PSysThumbnail_NoImage.uasset" 89
"../../../Engine/Content/EditorMaterials/ParticleSystems/PSysThumbnail_NoImage.uexp" 90
"../../../Engine/Content/EditorMaterials/ParticleSystems/PSysThumbnail_OOD.ubulk" 91
"../../../Engine/Content/EditorMaterials/ParticleSystems/PSysThumbnail_OOD.uasset" 92
"../../../Engine/Content/EditorMaterials/ParticleSystems/PSysThumbnail_OOD.uexp" 93
"../../../Engine/Content/EditorLandscapeResources/SplineEditorMeshMat.uasset" 94
"../../../Engine/Content/EditorLandscapeResources/SplineEditorMeshMat.uexp" 95
"../../../Engine/Content/EditorLandscapeResources/SplineEditorMesh.ubulk" 96
"../../../Engine/Content/EditorLandscapeResources/SplineEditorMesh.uasset" 97
"../../../Engine/Content/EditorLandscapeResources/SplineEditorMesh.uexp" 98
"../../../Engine/Plugins/Media/MediaPlate/Content/SM_MediaPlateScreen.ubulk" 99
"../../../Engine/Plugins/Media/MediaPlate/Content/SM_MediaPlateScreen.uasset" 100
"../../../Engine/Plugins/Media/MediaPlate/Content/SM_MediaPlateScreen.uexp" 101
"../../../Engine/Content/EngineMaterials/DefaultBokeh.uasset" 102
"../../../Engine/Content/EngineMaterials/DefaultBokeh.uexp" 103
"../../../Engine/Content/EngineMaterials/MiniFont.uasset" 104
"../../../Engine/Content/EngineMaterials/MiniFont.uexp" 105
"../../../Engine/Content/EngineMaterials/WeightMapPlaceholderTexture.uasset" 106
"../../../Engine/Content/EngineMaterials/WeightMapPlaceholderTexture.uexp" 107
"../../../Engine/Content/EngineMaterials/WeightMapArrayPlaceholderTexture.uasset" 108
"../../../Engine/Content/EngineMaterials/WeightMapArrayPlaceholderTexture.uexp" 109
"../../../Engine/Content/EngineMaterials/DefaultWhiteGrid.ubulk" 110
"../../../Engine/Content/EngineMaterials/DefaultWhiteGrid.uasset" 111
"../../../Engine/Content/EngineMaterials/DefaultWhiteGrid.uexp" 112
"../../../Engine/Content/EngineMaterials/PreintegratedSkinBRDF.uasset" 113
"../../../Engine/Content/EngineMaterials/PreintegratedSkinBRDF.uexp" 114
"../../../Engine/Content/Functions/Engine_MaterialFunctions02/WorldPositionOffset/CameraOffset.uasset" 115
"../../../Engine/Content/Functions/Engine_MaterialFunctions02/WorldPositionOffset/CameraOffset.uexp" 116
"../../../Engine/Plugins/Animation/ControlRig/Content/M_Manip.uasset" 117
"../../../Engine/Plugins/Animation/ControlRig/Content/M_Manip.uexp" 118
"../../../Engine/Plugins/2D/Paper2D/Content/PlaceholderTextures/DummySpriteTexture.ubulk" 119
"../../../Engine/Plugins/2D/Paper2D/Content/PlaceholderTextures/DummySpriteTexture.uasset" 120
"../../../Engine/Plugins/2D/Paper2D/Content/PlaceholderTextures/DummySpriteTexture.uexp" 121
"../../../Engine/Plugins/2D/Paper2D/Content/DefaultSpriteMaterial.uasset" 122
"../../../Engine/Plugins/2D/Paper2D/Content/DefaultSpriteMaterial.uexp" 123
"../../../Engine/Plugins/2D/Paper2D/Content/OpaqueUnlitSpriteMaterial.uasset" 124
"../../../Engine/Plugins/2D/Paper2D/Content/OpaqueUnlitSpriteMaterial.uexp" 125
"../../../Engine/Plugins/2D/Paper2D/Content/MaskedUnlitSpriteMaterial.uasset" 126
"../../../Engine/Plugins/2D/Paper2D/Content/MaskedUnlitSpriteMaterial.uexp" 127
"../../../Engine/Plugins/2D/Paper2D/Content/DummySprite.uasset" 128
"../../../Engine/Plugins/2D/Paper2D/Content/DummySprite.uexp" 129
"../../../Engine/Plugins/2D/Paper2D/Content/DefaultPaperTerrainMaterial.uasset" 130
"../../../Engine/Plugins/2D/Paper2D/Content/DefaultPaperTerrainMaterial.uexp" 131
"D:/UnrealStuff/FPSTest/Content/WeaponContent/MinigunViewmodel_ncl1_1.ubulk" 132
"D:/UnrealStuff/FPSTest/Content/WeaponContent/MinigunViewmodel_ncl1_1.uasset" 133
"D:/UnrealStuff/FPSTest/Content/WeaponContent/MinigunViewmodel_ncl1_1.uexp" 134
"D:/UnrealStuff/FPSTest/Content/UI/UI_ArmorUltra.uasset" 135
"D:/UnrealStuff/FPSTest/Content/UI/UI_ArmorUltra.uexp" 136
"../../../Engine/Content/EngineMaterials/DefaultDiffuse.ubulk" 137
"../../../Engine/Content/EngineMaterials/DefaultDiffuse.uasset" 138
"../../../Engine/Content/EngineMaterials/DefaultDiffuse.uexp" 139
"../../../Engine/Content/Functions/Engine_MaterialFunctions01/Gradient/LinearGradient.uasset" 140
"../../../Engine/Content/Functions/Engine_MaterialFunctions01/Gradient/LinearGradient.uexp" 141
"../../../Engine/Content/Functions/Engine_MaterialFunctions01/ImageAdjustment/CheapContrast.uasset" 142
"../../../Engine/Content/Functions/Engine_MaterialFunctions01/ImageAdjustment/CheapContrast.uexp" 143
"../../../Engine/Content/Functions/Engine_MaterialFunctions01/Texturing/WorldAlignedTexture.uasset" 144
"../../../Engine/Content/Functions/Engine_MaterialFunctions01/Texturing/WorldAlignedTexture.uexp" 145
"D:/UnrealStuff/FPSTest/Content/Textures/tx_stonetiles_normal.ubulk" 146
"D:/UnrealStuff/FPSTest/Content/Textures/tx_stonetiles_normal.uasset" 147
"D:/UnrealStuff/FPSTest/Content/Textures/tx_stonetiles_normal.uexp" 148
"D:/UnrealStuff/FPSTest/Content/Textures/tx_stonetiles.ubulk" 149
"D:/UnrealStuff/FPSTest/Content/Textures/tx_stonetiles.uasset" 150
"D:/UnrealStuff/FPSTest/Content/Textures/tx_stonetiles.uexp" 151
"D:/UnrealStuff/FPSTest/Content/Textures/M_StoneTiles01.uasset" 152
"D:/UnrealStuff/FPSTest/Content/Textures/M_StoneTiles01.uexp" 153
"D:/UnrealStuff/FPSTest/Content/Textures/tx_metalwall_yellow.ubulk" 154
"D:/UnrealStuff/FPSTest/Content/Textures/tx_metalwall_yellow.uasset" 155
"D:/UnrealStuff/FPSTest/Content/Textures/tx_metalwall_yellow.uexp" 156
"D:/UnrealStuff/FPSTest/Content/Textures/tx_metalwall_red.ubulk" 157
"D:/UnrealStuff/FPSTest/Content/Textures/tx_metalwall_red.uasset" 158
"D:/UnrealStuff/FPSTest/Content/Textures/tx_metalwall_red.uexp" 159
"D:/UnrealStuff/FPSTest/Content/Textures/tx_metalblock.ubulk" 160
"D:/UnrealStuff/FPSTest/Content/Textures/tx_metalblock.uasset" 161
"D:/UnrealStuff/FPSTest/Content/Textures/tx_metalblock.uexp" 162
"D:/UnrealStuff/FPSTest/Content/Textures/tx_metalblock2.ubulk" 163
"D:/UnrealStuff/FPSTest/Content/Textures/tx_metalblock2.uasset" 164
"D:/UnrealStuff/FPSTest/Content/Textures/tx_metalblock2.uexp" 165
"D:/UnrealStuff/FPSTest/Content/Textures/tx_metalblock2_normal.ubulk" 166
"D:/UnrealStuff/FPSTest/Content/Textures/tx_metalblock2_normal.uasset" 167
"D:/UnrealStuff/FPSTest/Content/Textures/tx_metalblock2_normal.uexp" 168
"D:/UnrealStuff/FPSTest/Content/Textures/M_MetalBlock02.uasset" 169
"D:/UnrealStuff/FPSTest/Content/Textures/M_MetalBlock02.uexp" 170
"D:/UnrealStuff/FPSTest/Content/Textures/tx_dirt_normal.ubulk" 171
"D:/UnrealStuff/FPSTest/Content/Textures/tx_dirt_normal.uasset" 172
"D:/UnrealStuff/FPSTest/Content/Textures/tx_dirt_normal.uexp" 173
"D:/UnrealStuff/FPSTest/Content/Textures/tx_dirt.ubulk" 174
"D:/UnrealStuff/FPSTest/Content/Textures/tx_dirt.uasset" 175
"D:/UnrealStuff/FPSTest/Content/Textures/tx_dirt.uexp" 176
"D:/UnrealStuff/FPSTest/Content/Textures/tx_metalwall_blue.ubulk" 177
"D:/UnrealStuff/FPSTest/Content/Textures/tx_metalwall_blue.uasset" 178
"D:/UnrealStuff/FPSTest/Content/Textures/tx_metalwall_blue.uexp" 179
"D:/UnrealStuff/FPSTest/Content/Textures/tx_metalwall_normal_vertical.ubulk" 180
"D:/UnrealStuff/FPSTest/Content/Textures/tx_metalwall_normal_vertical.uasset" 181
"D:/UnrealStuff/FPSTest/Content/Textures/tx_metalwall_normal_vertical.uexp" 182
"D:/UnrealStuff/FPSTest/Content/Textures/M_MetalWall_Vertical_Blue.uasset" 183
"D:/UnrealStuff/FPSTest/Content/Textures/M_MetalWall_Vertical_Blue.uexp" 184
"D:/UnrealStuff/FPSTest/Content/Textures/tx_metalshine_normal.ubulk" 185
"D:/UnrealStuff/FPSTest/Content/Textures/tx_metalshine_normal.uasset" 186
"D:/UnrealStuff/FPSTest/Content/Textures/tx_metalshine_normal.uexp" 187
"D:/UnrealStuff/FPSTest/Content/Textures/tx_metalshine.ubulk" 188
"D:/UnrealStuff/FPSTest/Content/Textures/tx_metalshine.uasset" 189
"D:/UnrealStuff/FPSTest/Content/Textures/tx_metalshine.uexp" 190
"D:/UnrealStuff/FPSTest/Content/Textures/M_MetalShine.uasset" 191
"D:/UnrealStuff/FPSTest/Content/Textures/M_MetalShine.uexp" 192
"D:/UnrealStuff/FPSTest/Content/InteractableContent/MetalDoorSingular/DoorMain.uasset" 193
"D:/UnrealStuff/FPSTest/Content/InteractableContent/MetalDoorSingular/DoorMain.uexp" 194
"D:/UnrealStuff/FPSTest/Content/Textures/M_MetalDoorSingle.uasset" 195
"D:/UnrealStuff/FPSTest/Content/Textures/M_MetalDoorSingle.uexp" 196
"D:/UnrealStuff/FPSTest/Content/Sounds/SoundAttenGeneric.uasset" 197
"D:/UnrealStuff/FPSTest/Content/Sounds/SoundAttenGeneric.uexp" 198
"D:/UnrealStuff/FPSTest/Content/Sounds/Entities/dooropen.ubulk" 199
"D:/UnrealStuff/FPSTest/Content/Sounds/Entities/dooropen.uasset" 200
"D:/UnrealStuff/FPSTest/Content/Sounds/Entities/dooropen.uexp" 201
"../../../Engine/Plugins/Animation/ACLPlugin/Content/ACLAnimBoneCompressionSettings.uasset" 202
"../../../Engine/Plugins/Animation/ACLPlugin/Content/ACLAnimBoneCompressionSettings.uexp" 203
"../../../Engine/Content/Animation/DefaultVariableFrameStrippingSettings.uasset" 204
"../../../Engine/Content/Animation/DefaultVariableFrameStrippingSettings.uexp" 205
"../../../Engine/Plugins/Animation/ACLPlugin/Content/ACLAnimCurveCompressionSettings.uasset" 206
"../../../Engine/Plugins/Animation/ACLPlugin/Content/ACLAnimCurveCompressionSettings.uexp" 207
"D:/UnrealStuff/FPSTest/Content/InteractableContent/MetalDoorSingular/metaldoor_single_Skeleton.uasset" 208
"D:/UnrealStuff/FPSTest/Content/InteractableContent/MetalDoorSingular/metaldoor_single_Skeleton.uexp" 209
"D:/UnrealStuff/FPSTest/Content/InteractableContent/MetalDoorSingular/close.uasset" 210
"D:/UnrealStuff/FPSTest/Content/InteractableContent/MetalDoorSingular/close.uexp" 211
"D:/UnrealStuff/FPSTest/Content/Enums/KeyTypeEnum.uasset" 212
"D:/UnrealStuff/FPSTest/Content/Enums/KeyTypeEnum.uexp" 213
"D:/UnrealStuff/FPSTest/Content/FirstPerson/Playermodel/playermodel_Skeleton.uasset" 214
"D:/UnrealStuff/FPSTest/Content/FirstPerson/Playermodel/playermodel_Skeleton.uexp" 215
"D:/UnrealStuff/FPSTest/Content/FirstPerson/Playermodel/die.uasset" 216
"D:/UnrealStuff/FPSTest/Content/FirstPerson/Playermodel/die.uexp" 217
"D:/UnrealStuff/FPSTest/Content/Sounds/Player/player_hurt.ubulk" 218
"D:/UnrealStuff/FPSTest/Content/Sounds/Player/player_hurt.uasset" 219
"D:/UnrealStuff/FPSTest/Content/Sounds/Player/player_hurt.uexp" 220
"D:/UnrealStuff/FPSTest/Content/WeaponContent/TEX_Pistol.ubulk" 221
"D:/UnrealStuff/FPSTest/Content/WeaponContent/TEX_Pistol.uasset" 222
"D:/UnrealStuff/FPSTest/Content/WeaponContent/TEX_Pistol.uexp" 223
"D:/UnrealStuff/FPSTest/Content/WeaponContent/Pistol.uasset" 224
"D:/UnrealStuff/FPSTest/Content/WeaponContent/Pistol.uexp" 225
"D:/UnrealStuff/FPSTest/Content/WeaponContent/Pistol1.ubulk" 226
"D:/UnrealStuff/FPSTest/Content/WeaponContent/Pistol1.uasset" 227
"D:/UnrealStuff/FPSTest/Content/WeaponContent/Pistol1.uexp" 228
"D:/UnrealStuff/FPSTest/Content/Sounds/Weapons/dbshotgunfire.ubulk" 229
"D:/UnrealStuff/FPSTest/Content/Sounds/Weapons/dbshotgunfire.uasset" 230
"D:/UnrealStuff/FPSTest/Content/Sounds/Weapons/dbshotgunfire.uexp" 231
"D:/UnrealStuff/FPSTest/Content/Sounds/Player/player_die.ubulk" 232
"D:/UnrealStuff/FPSTest/Content/Sounds/Player/player_die.uasset" 233
"D:/UnrealStuff/FPSTest/Content/Sounds/Player/player_die.uexp" 234
"D:/UnrealStuff/FPSTest/Content/InteractableContent/Switch/object_switch_Skeleton.uasset" 235
"D:/UnrealStuff/FPSTest/Content/InteractableContent/Switch/object_switch_Skeleton.uexp" 236
"D:/UnrealStuff/FPSTest/Content/InteractableContent/Switch/anim_switch_turnon.uasset" 237
"D:/UnrealStuff/FPSTest/Content/InteractableContent/Switch/anim_switch_turnon.uexp" 238
"D:/UnrealStuff/FPSTest/Content/InteractableContent/Switch/anim_switch_turnoff.uasset" 239
"D:/UnrealStuff/FPSTest/Content/InteractableContent/Switch/anim_switch_turnoff.uexp" 240
"D:/UnrealStuff/FPSTest/Content/Sounds/Entities/switchinteract.ubulk" 241
"D:/UnrealStuff/FPSTest/Content/Sounds/Entities/switchinteract.uasset" 242
"D:/UnrealStuff/FPSTest/Content/Sounds/Entities/switchinteract.uexp" 243
"D:/UnrealStuff/FPSTest/Content/InteractableContent/Switch/object_switch_PhysicsAsset.uasset" 244
"D:/UnrealStuff/FPSTest/Content/InteractableContent/Switch/object_switch_PhysicsAsset.uexp" 245
"D:/UnrealStuff/FPSTest/Content/Effects/ParticleTXT_Flash.uasset" 246
"D:/UnrealStuff/FPSTest/Content/Effects/ParticleTXT_Flash.uexp" 247
"D:/UnrealStuff/FPSTest/Content/EnemyContent/ChaosSoldier/pixelmat.uasset" 248
"D:/UnrealStuff/FPSTest/Content/EnemyContent/ChaosSoldier/pixelmat.uexp" 249
"D:/UnrealStuff/FPSTest/Content/EnemyContent/pixelwrap.uasset" 250
"D:/UnrealStuff/FPSTest/Content/EnemyContent/pixelwrap.uexp" 251
"D:/UnrealStuff/FPSTest/Content/InteractableContent/Switch/tx_switch_lever.uasset" 252
"D:/UnrealStuff/FPSTest/Content/InteractableContent/Switch/tx_switch_lever.uexp" 253
"D:/UnrealStuff/FPSTest/Content/InteractableContent/Switch/object_switch_material_0.uasset" 254
"D:/UnrealStuff/FPSTest/Content/InteractableContent/Switch/object_switch_material_0.uexp" 255
"D:/UnrealStuff/FPSTest/Content/InteractableContent/Switch/tx_switch_lever_handle.uasset" 256
"D:/UnrealStuff/FPSTest/Content/InteractableContent/Switch/tx_switch_lever_handle.uexp" 257
"D:/UnrealStuff/FPSTest/Content/InteractableContent/Switch/object_switch_material_1.uasset" 258
"D:/UnrealStuff/FPSTest/Content/InteractableContent/Switch/object_switch_material_1.uexp" 259
"D:/UnrealStuff/FPSTest/Content/InteractableContent/Switch/tx_switchpanel_main.uasset" 260
"D:/UnrealStuff/FPSTest/Content/InteractableContent/Switch/tx_switchpanel_main.uexp" 261
"D:/UnrealStuff/FPSTest/Content/InteractableContent/Switch/object_switch_material_2.uasset" 262
"D:/UnrealStuff/FPSTest/Content/InteractableContent/Switch/object_switch_material_2.uexp" 263
"D:/UnrealStuff/FPSTest/Content/InteractableContent/Switch/object_switch.uasset" 264
"D:/UnrealStuff/FPSTest/Content/InteractableContent/Switch/object_switch.uexp" 265
"D:/UnrealStuff/FPSTest/Content/Interactable/InteractableBase_Switch.uasset" 266
"D:/UnrealStuff/FPSTest/Content/Interactable/InteractableBase_Switch.uexp" 267
"D:/UnrealStuff/FPSTest/Content/Effects/FlashMaterial.uasset" 268
"D:/UnrealStuff/FPSTest/Content/Effects/FlashMaterial.uexp" 269
"D:/UnrealStuff/FPSTest/Content/Effects/BulletHitSparks.uasset" 270
"D:/UnrealStuff/FPSTest/Content/Effects/BulletHitSparks.uexp" 271
"D:/UnrealStuff/FPSTest/Content/Effects/ParticleTXT_Blood.uasset" 272
"D:/UnrealStuff/FPSTest/Content/Effects/ParticleTXT_Blood.uexp" 273
"D:/UnrealStuff/FPSTest/Content/Effects/BloodMaterial.uasset" 274
"D:/UnrealStuff/FPSTest/Content/Effects/BloodMaterial.uexp" 275
"D:/UnrealStuff/FPSTest/Content/Effects/BloodHitFX.uasset" 276
"D:/UnrealStuff/FPSTest/Content/Effects/BloodHitFX.uexp" 277
"D:/UnrealStuff/FPSTest/Content/Enums/WeaponTypeEnum.uasset" 278
"D:/UnrealStuff/FPSTest/Content/Enums/WeaponTypeEnum.uexp" 279
"D:/UnrealStuff/FPSTest/Content/FirstPerson/Blueprints/BP_FirstPersonGameInstance.uasset" 280
"D:/UnrealStuff/FPSTest/Content/FirstPerson/Blueprints/BP_FirstPersonGameInstance.uexp" 281
"D:/UnrealStuff/FPSTest/Content/Enums/ProjectileTypeEnum.uasset" 282
"D:/UnrealStuff/FPSTest/Content/Enums/ProjectileTypeEnum.uexp" 283
"D:/UnrealStuff/FPSTest/Content/FirstPerson/Input/Actions/IA_Pause.uasset" 284
"D:/UnrealStuff/FPSTest/Content/FirstPerson/Input/Actions/IA_Pause.uexp" 285
"D:/UnrealStuff/FPSTest/Content/FirstPerson/Input/Actions/IA_Interact.uasset" 286
"D:/UnrealStuff/FPSTest/Content/FirstPerson/Input/Actions/IA_Interact.uexp" 287
"D:/UnrealStuff/FPSTest/Content/FirstPerson/Input/Actions/IA_Shoot.uasset" 288
"D:/UnrealStuff/FPSTest/Content/FirstPerson/Input/Actions/IA_Shoot.uexp" 289
"D:/UnrealStuff/FPSTest/Content/FirstPerson/Input/Actions/WeaponChangeKey.uasset" 290
"D:/UnrealStuff/FPSTest/Content/FirstPerson/Input/Actions/WeaponChangeKey.uexp" 291
"D:/UnrealStuff/FPSTest/Content/FirstPerson/Input/IMC_Weapons.uasset" 292
"D:/UnrealStuff/FPSTest/Content/FirstPerson/Input/IMC_Weapons.uexp" 293
"D:/UnrealStuff/FPSTest/Content/FirstPerson/Input/Actions/IA_Look.uasset" 294
"D:/UnrealStuff/FPSTest/Content/FirstPerson/Input/Actions/IA_Look.uexp" 295
"D:/UnrealStuff/FPSTest/Content/FirstPerson/Input/Actions/IA_Move.uasset" 296
"D:/UnrealStuff/FPSTest/Content/FirstPerson/Input/Actions/IA_Move.uexp" 297
"D:/UnrealStuff/FPSTest/Content/FirstPerson/Input/Actions/IA_Jump.uasset" 298
"D:/UnrealStuff/FPSTest/Content/FirstPerson/Input/Actions/IA_Jump.uexp" 299
"D:/UnrealStuff/FPSTest/Content/FirstPerson/Input/IMC_Default.uasset" 300
"D:/UnrealStuff/FPSTest/Content/FirstPerson/Input/IMC_Default.uexp" 301
"D:/UnrealStuff/FPSTest/Content/FirstPerson/Blueprints/BP_FirstPersonPlayerController.uasset" 302
"D:/UnrealStuff/FPSTest/Content/FirstPerson/Blueprints/BP_FirstPersonPlayerController.uexp" 303
"D:/UnrealStuff/FPSTest/Content/Sounds/Weapons/ioncannonexplode.ubulk" 304
"D:/UnrealStuff/FPSTest/Content/Sounds/Weapons/ioncannonexplode.uasset" 305
"D:/UnrealStuff/FPSTest/Content/Sounds/Weapons/ioncannonexplode.uexp" 306
"D:/UnrealStuff/FPSTest/Content/Effects/ParticleTXT_PlasmaFlash.uasset" 307
"D:/UnrealStuff/FPSTest/Content/Effects/ParticleTXT_PlasmaFlash.uexp" 308
"D:/UnrealStuff/FPSTest/Content/Effects/PlasmaFlashMaterial.uasset" 309
"D:/UnrealStuff/FPSTest/Content/Effects/PlasmaFlashMaterial.uexp" 310
"D:/UnrealStuff/FPSTest/Content/Effects/ChaosmancerStrongHit.uasset" 311
"D:/UnrealStuff/FPSTest/Content/Effects/ChaosmancerStrongHit.uexp" 312
"D:/UnrealStuff/FPSTest/Content/DamageTypes/DamageType_Projectile.uasset" 313
"D:/UnrealStuff/FPSTest/Content/DamageTypes/DamageType_Projectile.uexp" 314
"D:/UnrealStuff/FPSTest/Content/Attacks/ProjectileMegaPlasmaBolt_ncl1_1.ubulk" 315
"D:/UnrealStuff/FPSTest/Content/Attacks/ProjectileMegaPlasmaBolt_ncl1_1.uasset" 316
"D:/UnrealStuff/FPSTest/Content/Attacks/ProjectileMegaPlasmaBolt_ncl1_1.uexp" 317
"D:/UnrealStuff/FPSTest/Content/Attacks/ProjectileMegaPlasmaBolt1.uasset" 318
"D:/UnrealStuff/FPSTest/Content/Attacks/ProjectileMegaPlasmaBolt1.uexp" 319
"D:/UnrealStuff/FPSTest/Content/Attacks/ProjectileMegaPlasmaBolt.ubulk" 320
"D:/UnrealStuff/FPSTest/Content/Attacks/ProjectileMegaPlasmaBolt.uasset" 321
"D:/UnrealStuff/FPSTest/Content/Attacks/ProjectileMegaPlasmaBolt.uexp" 322
"D:/UnrealStuff/FPSTest/Content/EnemyContent/Chaosmancer/chaosattack_weakattack.uasset" 323
"D:/UnrealStuff/FPSTest/Content/EnemyContent/Chaosmancer/chaosattack_weakattack.uexp" 324
"D:/UnrealStuff/FPSTest/Content/Skybox/M_Chaosmancer_AttackWeak.uasset" 325
"D:/UnrealStuff/FPSTest/Content/Skybox/M_Chaosmancer_AttackWeak.uexp" 326
"D:/UnrealStuff/FPSTest/Content/Attacks/ProjectileChaosmancerWeak.ubulk" 327
"D:/UnrealStuff/FPSTest/Content/Attacks/ProjectileChaosmancerWeak.uasset" 328
"D:/UnrealStuff/FPSTest/Content/Attacks/ProjectileChaosmancerWeak.uexp" 329
"D:/UnrealStuff/FPSTest/Content/Effects/IonCannonHit.uasset" 330
"D:/UnrealStuff/FPSTest/Content/Effects/IonCannonHit.uexp" 331
"D:/UnrealStuff/FPSTest/Content/Effects/ChaosmancerWeakHit.uasset" 332
"D:/UnrealStuff/FPSTest/Content/Effects/ChaosmancerWeakHit.uexp" 333
"D:/UnrealStuff/FPSTest/Content/Effects/LightningMaterial.uasset" 334
"D:/UnrealStuff/FPSTest/Content/Effects/LightningMaterial.uexp" 335
"D:/UnrealStuff/FPSTest/Content/Effects/IonCannonLightning.uasset" 336
"D:/UnrealStuff/FPSTest/Content/Effects/IonCannonLightning.uexp" 337
"D:/UnrealStuff/FPSTest/Content/EnemyContent/Chaosmancer/chaosattack_chargedattack.uasset" 338
"D:/UnrealStuff/FPSTest/Content/EnemyContent/Chaosmancer/chaosattack_chargedattack.uexp" 339
"D:/UnrealStuff/FPSTest/Content/Skybox/M_Chaosmancer_AttackStrong.uasset" 340
"D:/UnrealStuff/FPSTest/Content/Skybox/M_Chaosmancer_AttackStrong.uexp" 341
"D:/UnrealStuff/FPSTest/Content/Attacks/ProjectileChaosmancerStrong.ubulk" 342
"D:/UnrealStuff/FPSTest/Content/Attacks/ProjectileChaosmancerStrong.uasset" 343
"D:/UnrealStuff/FPSTest/Content/Attacks/ProjectileChaosmancerStrong.uexp" 344
"D:/UnrealStuff/FPSTest/Content/Attacks/ProjectileRocket_ncl1_1.ubulk" 345
"D:/UnrealStuff/FPSTest/Content/Attacks/ProjectileRocket_ncl1_1.uasset" 346
"D:/UnrealStuff/FPSTest/Content/Attacks/ProjectileRocket_ncl1_1.uexp" 347
"D:/UnrealStuff/FPSTest/Content/Attacks/ProjectileRocket1.uasset" 348
"D:/UnrealStuff/FPSTest/Content/Attacks/ProjectileRocket1.uexp" 349
"D:/UnrealStuff/FPSTest/Content/Attacks/ProjectileRocket.ubulk" 350
"D:/UnrealStuff/FPSTest/Content/Attacks/ProjectileRocket.uasset" 351
"D:/UnrealStuff/FPSTest/Content/Attacks/ProjectileRocket.uexp" 352
"D:/UnrealStuff/FPSTest/Content/Sounds/Weapons/plasmahit.ubulk" 353
"D:/UnrealStuff/FPSTest/Content/Sounds/Weapons/plasmahit.uasset" 354
"D:/UnrealStuff/FPSTest/Content/Sounds/Weapons/plasmahit.uexp" 355
"D:/UnrealStuff/FPSTest/Content/Effects/HauntedHit.uasset" 356
"D:/UnrealStuff/FPSTest/Content/Effects/HauntedHit.uexp" 357
"D:/UnrealStuff/FPSTest/Content/Effects/PlasmaHit.uasset" 358
"D:/UnrealStuff/FPSTest/Content/Effects/PlasmaHit.uexp" 359
"D:/UnrealStuff/FPSTest/Content/Attacks/ProjectileGrenade_ncl1_1.ubulk" 360
"D:/UnrealStuff/FPSTest/Content/Attacks/ProjectileGrenade_ncl1_1.uasset" 361
"D:/UnrealStuff/FPSTest/Content/Attacks/ProjectileGrenade_ncl1_1.uexp" 362
"D:/UnrealStuff/FPSTest/Content/Attacks/ProjectileGrenade1.uasset" 363
"D:/UnrealStuff/FPSTest/Content/Attacks/ProjectileGrenade1.uexp" 364
"D:/UnrealStuff/FPSTest/Content/Attacks/ProjectileGrenade.ubulk" 365
"D:/UnrealStuff/FPSTest/Content/Attacks/ProjectileGrenade.uasset" 366
"D:/UnrealStuff/FPSTest/Content/Attacks/ProjectileGrenade.uexp" 367
"D:/UnrealStuff/FPSTest/Content/Attacks/ProjectileHauntedBolt.ubulk" 368
"D:/UnrealStuff/FPSTest/Content/Attacks/ProjectileHauntedBolt.uasset" 369
"D:/UnrealStuff/FPSTest/Content/Attacks/ProjectileHauntedBolt.uexp" 370
"D:/UnrealStuff/FPSTest/Content/Attacks/ProjectileGhostBolt.uasset" 371
"D:/UnrealStuff/FPSTest/Content/Attacks/ProjectileGhostBolt.uexp" 372
"D:/UnrealStuff/FPSTest/Content/Attacks/ProjectileChaosBolt.ubulk" 373
"D:/UnrealStuff/FPSTest/Content/Attacks/ProjectileChaosBolt.uasset" 374
"D:/UnrealStuff/FPSTest/Content/Attacks/ProjectileChaosBolt.uexp" 375
"D:/UnrealStuff/FPSTest/Content/Attacks/ProjectilePlasmaBolt_ncl1_1.ubulk" 376
"D:/UnrealStuff/FPSTest/Content/Attacks/ProjectilePlasmaBolt_ncl1_1.uasset" 377
"D:/UnrealStuff/FPSTest/Content/Attacks/ProjectilePlasmaBolt_ncl1_1.uexp" 378
"D:/UnrealStuff/FPSTest/Content/Attacks/ProjectilePlasmaBolt1.uasset" 379
"D:/UnrealStuff/FPSTest/Content/Attacks/ProjectilePlasmaBolt1.uexp" 380
"D:/UnrealStuff/FPSTest/Content/Attacks/ProjectilePlasmaBolt.ubulk" 381
"D:/UnrealStuff/FPSTest/Content/Attacks/ProjectilePlasmaBolt.uasset" 382
"D:/UnrealStuff/FPSTest/Content/Attacks/ProjectilePlasmaBolt.uexp" 383
"D:/UnrealStuff/FPSTest/Content/Attacks/BP_Projectile.uasset" 384
"D:/UnrealStuff/FPSTest/Content/Attacks/BP_Projectile.uexp" 385
"D:/UnrealStuff/FPSTest/Content/FirstPerson/Blueprints/BP_FirstPersonGameMode.uasset" 386
"D:/UnrealStuff/FPSTest/Content/FirstPerson/Blueprints/BP_FirstPersonGameMode.uexp" 387
"D:/UnrealStuff/FPSTest/Content/Sounds/Weapons/pistolfire.ubulk" 388
"D:/UnrealStuff/FPSTest/Content/Sounds/Weapons/pistolfire.uasset" 389
"D:/UnrealStuff/FPSTest/Content/Sounds/Weapons/pistolfire.uexp" 390
"D:/UnrealStuff/FPSTest/Content/Effects/MuzzleEmitter.uasset" 391
"D:/UnrealStuff/FPSTest/Content/Effects/MuzzleEmitter.uexp" 392
"D:/UnrealStuff/FPSTest/Content/FirstPerson/Playermodel/player_lowertorso_png.uasset" 393
"D:/UnrealStuff/FPSTest/Content/FirstPerson/Playermodel/player_lowertorso_png.uexp" 394
"D:/UnrealStuff/FPSTest/Content/FirstPerson/Playermodel/playermodel_material_0.uasset" 395
"D:/UnrealStuff/FPSTest/Content/FirstPerson/Playermodel/playermodel_material_0.uexp" 396
"D:/UnrealStuff/FPSTest/Content/FirstPerson/Playermodel/player_uppertorso_png.uasset" 397
"D:/UnrealStuff/FPSTest/Content/FirstPerson/Playermodel/player_uppertorso_png.uexp" 398
"D:/UnrealStuff/FPSTest/Content/FirstPerson/Playermodel/playermodel_material_1.uasset" 399
"D:/UnrealStuff/FPSTest/Content/FirstPerson/Playermodel/playermodel_material_1.uexp" 400
"D:/UnrealStuff/FPSTest/Content/FirstPerson/Playermodel/player_armtexture_png.uasset" 401
"D:/UnrealStuff/FPSTest/Content/FirstPerson/Playermodel/player_armtexture_png.uexp" 402
"D:/UnrealStuff/FPSTest/Content/FirstPerson/Playermodel/playermodel_material_2.uasset" 403
"D:/UnrealStuff/FPSTest/Content/FirstPerson/Playermodel/playermodel_material_2.uexp" 404
"D:/UnrealStuff/FPSTest/Content/FirstPerson/Playermodel/player_headtexture_png.uasset" 405
"D:/UnrealStuff/FPSTest/Content/FirstPerson/Playermodel/player_headtexture_png.uexp" 406
"D:/UnrealStuff/FPSTest/Content/FirstPerson/Playermodel/playermodel_material_3.uasset" 407
"D:/UnrealStuff/FPSTest/Content/FirstPerson/Playermodel/playermodel_material_3.uexp" 408
"D:/UnrealStuff/FPSTest/Content/FirstPerson/Playermodel/player_foottexture_png.uasset" 409
"D:/UnrealStuff/FPSTest/Content/FirstPerson/Playermodel/player_foottexture_png.uexp" 410
"D:/UnrealStuff/FPSTest/Content/FirstPerson/Playermodel/playermodel_material_4.uasset" 411
"D:/UnrealStuff/FPSTest/Content/FirstPerson/Playermodel/playermodel_material_4.uexp" 412
"D:/UnrealStuff/FPSTest/Content/FirstPerson/Playermodel/player_legtexture_png.uasset" 413
"D:/UnrealStuff/FPSTest/Content/FirstPerson/Playermodel/player_legtexture_png.uexp" 414
"D:/UnrealStuff/FPSTest/Content/FirstPerson/Playermodel/playermodel_material_5.uasset" 415
"D:/UnrealStuff/FPSTest/Content/FirstPerson/Playermodel/playermodel_material_5.uexp" 416
"D:/UnrealStuff/FPSTest/Content/FirstPerson/Playermodel/playermodel_PhysicsAsset.uasset" 417
"D:/UnrealStuff/FPSTest/Content/FirstPerson/Playermodel/playermodel_PhysicsAsset.uexp" 418
"D:/UnrealStuff/FPSTest/Content/FirstPerson/Playermodel/playermodel.uasset" 419
"D:/UnrealStuff/FPSTest/Content/FirstPerson/Playermodel/playermodel.uexp" 420
"D:/UnrealStuff/FPSTest/Content/Sounds/Weapons/ioncannonfire.ubulk" 421
"D:/UnrealStuff/FPSTest/Content/Sounds/Weapons/ioncannonfire.uasset" 422
"D:/UnrealStuff/FPSTest/Content/Sounds/Weapons/ioncannonfire.uexp" 423
"D:/UnrealStuff/FPSTest/Content/WeaponContent/MinigunViewmodelTXT.uasset" 424
"D:/UnrealStuff/FPSTest/Content/WeaponContent/MinigunViewmodelTXT.uexp" 425
"D:/UnrealStuff/FPSTest/Content/WeaponContent/MinigunViewmodel1.uasset" 426
"D:/UnrealStuff/FPSTest/Content/WeaponContent/MinigunViewmodel1.uexp" 427
"D:/UnrealStuff/FPSTest/Content/WeaponContent/MinigunViewmodel.ubulk" 428
"D:/UnrealStuff/FPSTest/Content/WeaponContent/MinigunViewmodel.uasset" 429
"D:/UnrealStuff/FPSTest/Content/WeaponContent/MinigunViewmodel.uexp" 430
"D:/UnrealStuff/FPSTest/Content/FirstPersonArms/Character/Textures/Manny/T_Manny_02_N.ubulk" 431
"D:/UnrealStuff/FPSTest/Content/FirstPersonArms/Character/Textures/Manny/T_Manny_02_N.uasset" 432
"D:/UnrealStuff/FPSTest/Content/FirstPersonArms/Character/Textures/Manny/T_Manny_02_N.uexp" 433
"D:/UnrealStuff/FPSTest/Content/FirstPersonArms/Character/Textures/Manny/T_Manny_02_BN.ubulk" 434
"D:/UnrealStuff/FPSTest/Content/FirstPersonArms/Character/Textures/Manny/T_Manny_02_BN.uasset" 435
"D:/UnrealStuff/FPSTest/Content/FirstPersonArms/Character/Textures/Manny/T_Manny_02_BN.uexp" 436
"D:/UnrealStuff/FPSTest/Content/FirstPersonArms/Character/Textures/Manny/T_Manny_02_ASAOPMASK_MSK.ubulk" 437
"D:/UnrealStuff/FPSTest/Content/FirstPersonArms/Character/Textures/Manny/T_Manny_02_ASAOPMASK_MSK.uasset" 438
"D:/UnrealStuff/FPSTest/Content/FirstPersonArms/Character/Textures/Manny/T_Manny_02_ASAOPMASK_MSK.uexp" 439
"D:/UnrealStuff/FPSTest/Content/FirstPersonArms/Character/Textures/Manny/T_Manny_01_ASAOPMASK_MSK.ubulk" 440
"D:/UnrealStuff/FPSTest/Content/FirstPersonArms/Character/Textures/Manny/T_Manny_01_ASAOPMASK_MSK.uasset" 441
"D:/UnrealStuff/FPSTest/Content/FirstPersonArms/Character/Textures/Manny/T_Manny_01_ASAOPMASK_MSK.uexp" 442
"D:/UnrealStuff/FPSTest/Content/FirstPersonArms/Character/Textures/Manny/T_Manny_01_CCRCCPlastic_MSK.ubulk" 443
"D:/UnrealStuff/FPSTest/Content/FirstPersonArms/Character/Textures/Manny/T_Manny_01_CCRCCPlastic_MSK.uasset" 444
"D:/UnrealStuff/FPSTest/Content/FirstPersonArms/Character/Textures/Manny/T_Manny_01_CCRCCPlastic_MSK.uexp" 445
"D:/UnrealStuff/FPSTest/Content/FirstPersonArms/Character/Textures/Manny/T_Manny_01_Tan.ubulk" 446
"D:/UnrealStuff/FPSTest/Content/FirstPersonArms/Character/Textures/Manny/T_Manny_01_Tan.uasset" 447
"D:/UnrealStuff/FPSTest/Content/FirstPersonArms/Character/Textures/Manny/T_Manny_01_Tan.uexp" 448
"D:/UnrealStuff/FPSTest/Content/FirstPersonArms/Character/Textures/Manny/T_Manny_01_BN.ubulk" 449
"D:/UnrealStuff/FPSTest/Content/FirstPersonArms/Character/Textures/Manny/T_Manny_01_BN.uasset" 450
"D:/UnrealStuff/FPSTest/Content/FirstPersonArms/Character/Textures/Manny/T_Manny_01_BN.uexp" 451
"D:/UnrealStuff/FPSTest/Content/FirstPersonArms/Character/Textures/Manny/T_Manny_01_MSR_MSK.ubulk" 452
"D:/UnrealStuff/FPSTest/Content/FirstPersonArms/Character/Textures/Manny/T_Manny_01_MSR_MSK.uasset" 453
"D:/UnrealStuff/FPSTest/Content/FirstPersonArms/Character/Textures/Manny/T_Manny_01_MSR_MSK.uexp" 454
"D:/UnrealStuff/FPSTest/Content/FirstPersonArms/Character/Textures/Manny/T_Manny_01_N.ubulk" 455
"D:/UnrealStuff/FPSTest/Content/FirstPersonArms/Character/Textures/Manny/T_Manny_01_N.uasset" 456
"D:/UnrealStuff/FPSTest/Content/FirstPersonArms/Character/Textures/Manny/T_Manny_01_N.uexp" 457
"D:/UnrealStuff/FPSTest/Content/FirstPersonArms/Character/Textures/Manny/T_Manny_01_D.ubulk" 458
"D:/UnrealStuff/FPSTest/Content/FirstPersonArms/Character/Textures/Manny/T_Manny_01_D.uasset" 459
"D:/UnrealStuff/FPSTest/Content/FirstPersonArms/Character/Textures/Manny/T_Manny_01_D.uexp" 460
"D:/UnrealStuff/FPSTest/Content/FirstPersonArms/Character/Materials/Functions/ChromaticCurve.uasset" 461
"D:/UnrealStuff/FPSTest/Content/FirstPersonArms/Character/Materials/Functions/ChromaticCurve.uexp" 462
"D:/UnrealStuff/FPSTest/Content/FirstPersonArms/Character/Materials/Functions/CA_Mannequin.uasset" 463
"D:/UnrealStuff/FPSTest/Content/FirstPersonArms/Character/Materials/Functions/CA_Mannequin.uexp" 464
"D:/UnrealStuff/FPSTest/Content/FirstPersonArms/Character/Materials/Functions/MF_Diffraction.uasset" 465
"D:/UnrealStuff/FPSTest/Content/FirstPersonArms/Character/Materials/Functions/MF_Diffraction.uexp" 466
"../../../Engine/Content/Functions/Engine_MaterialFunctions02/Utility/BreakOutFloat2Components.uasset" 467
"../../../Engine/Content/Functions/Engine_MaterialFunctions02/Utility/BreakOutFloat2Components.uexp" 468
"../../../Engine/Content/Functions/Engine_MaterialFunctions01/Texturing/ScaleUVsByCenter.uasset" 469
"../../../Engine/Content/Functions/Engine_MaterialFunctions01/Texturing/ScaleUVsByCenter.uexp" 470
"D:/UnrealStuff/FPSTest/Content/FirstPersonArms/Character/Textures/Shared/T_UE_Logo_M.uasset" 471
"D:/UnrealStuff/FPSTest/Content/FirstPersonArms/Character/Textures/Shared/T_UE_Logo_M.uexp" 472
"D:/UnrealStuff/FPSTest/Content/FirstPersonArms/Character/Materials/Functions/MF_logo3layers.uasset" 473
"D:/UnrealStuff/FPSTest/Content/FirstPersonArms/Character/Materials/Functions/MF_logo3layers.uexp" 474
"D:/UnrealStuff/FPSTest/Content/FirstPersonArms/Character/Materials/Functions/ML_BaseColorFallOff.uasset" 475
"D:/UnrealStuff/FPSTest/Content/FirstPersonArms/Character/Materials/Functions/ML_BaseColorFallOff.uexp" 476
"D:/UnrealStuff/FPSTest/Content/FirstPersonArms/Character/Materials/M_Mannequin.uasset" 477
"D:/UnrealStuff/FPSTest/Content/FirstPersonArms/Character/Materials/M_Mannequin.uexp" 478
"D:/UnrealStuff/FPSTest/Content/FirstPersonArms/Character/Materials/Instances/Manny/MI_Manny_01.uasset" 479
"D:/UnrealStuff/FPSTest/Content/FirstPersonArms/Character/Materials/Instances/Manny/MI_Manny_01.uexp" 480
"D:/UnrealStuff/FPSTest/Content/FirstPersonArms/Character/Textures/Manny/T_Manny_02_CCRCCPlastic_MSK.ubulk" 481
"D:/UnrealStuff/FPSTest/Content/FirstPersonArms/Character/Textures/Manny/T_Manny_02_CCRCCPlastic_MSK.uasset" 482
"D:/UnrealStuff/FPSTest/Content/FirstPersonArms/Character/Textures/Manny/T_Manny_02_CCRCCPlastic_MSK.uexp" 483
"D:/UnrealStuff/FPSTest/Content/FirstPersonArms/Character/Textures/Manny/T_Manny_02_MSR_MSK.ubulk" 484
"D:/UnrealStuff/FPSTest/Content/FirstPersonArms/Character/Textures/Manny/T_Manny_02_MSR_MSK.uasset" 485
"D:/UnrealStuff/FPSTest/Content/FirstPersonArms/Character/Textures/Manny/T_Manny_02_MSR_MSK.uexp" 486
"D:/UnrealStuff/FPSTest/Content/FirstPersonArms/Character/Textures/Manny/T_Manny_02_D.ubulk" 487
"D:/UnrealStuff/FPSTest/Content/FirstPersonArms/Character/Textures/Manny/T_Manny_02_D.uasset" 488
"D:/UnrealStuff/FPSTest/Content/FirstPersonArms/Character/Textures/Manny/T_Manny_02_D.uexp" 489
"D:/UnrealStuff/FPSTest/Content/FirstPersonArms/Character/Textures/Manny/T_Manny_02_Tan.ubulk" 490
"D:/UnrealStuff/FPSTest/Content/FirstPersonArms/Character/Textures/Manny/T_Manny_02_Tan.uasset" 491
"D:/UnrealStuff/FPSTest/Content/FirstPersonArms/Character/Textures/Manny/T_Manny_02_Tan.uexp" 492
"D:/UnrealStuff/FPSTest/Content/FirstPersonArms/Character/Materials/Instances/Manny/MI_Manny_02.uasset" 493
"D:/UnrealStuff/FPSTest/Content/FirstPersonArms/Character/Materials/Instances/Manny/MI_Manny_02.uexp" 494
"D:/UnrealStuff/FPSTest/Content/FirstPersonArms/Character/Mesh/SK_Mannequin_Arms_PhysicsAsset.uasset" 495
"D:/UnrealStuff/FPSTest/Content/FirstPersonArms/Character/Mesh/SK_Mannequin_Arms_PhysicsAsset.uexp" 496
"D:/UnrealStuff/FPSTest/Content/FirstPersonArms/Character/Mesh/SK_Mannequin_Arms_Skeleton.uasset" 497
"D:/UnrealStuff/FPSTest/Content/FirstPersonArms/Character/Mesh/SK_Mannequin_Arms_Skeleton.uexp" 498
"D:/UnrealStuff/FPSTest/Content/FirstPersonArms/Character/Mesh/SK_Mannequin_Arms.uasset" 499
"D:/UnrealStuff/FPSTest/Content/FirstPersonArms/Character/Mesh/SK_Mannequin_Arms.uexp" 500
"D:/UnrealStuff/FPSTest/Content/Sounds/Weapons/minigunfire.ubulk" 501
"D:/UnrealStuff/FPSTest/Content/Sounds/Weapons/minigunfire.uasset" 502
"D:/UnrealStuff/FPSTest/Content/Sounds/Weapons/minigunfire.uexp" 503
"D:/UnrealStuff/FPSTest/Content/UI/UI_Explosives.uasset" 504
"D:/UnrealStuff/FPSTest/Content/UI/UI_Explosives.uexp" 505
"D:/UnrealStuff/FPSTest/Content/UI/UI_Bullets.uasset" 506
"D:/UnrealStuff/FPSTest/Content/UI/UI_Bullets.uexp" 507
"D:/UnrealStuff/FPSTest/Content/UI/UI_CrosshairIcon.uasset" 508
"D:/UnrealStuff/FPSTest/Content/UI/UI_CrosshairIcon.uexp" 509
"D:/UnrealStuff/FPSTest/Content/UI/UI_BlueKeycard.ubulk" 510
"D:/UnrealStuff/FPSTest/Content/UI/UI_BlueKeycard.uasset" 511
"D:/UnrealStuff/FPSTest/Content/UI/UI_BlueKeycard.uexp" 512
"D:/UnrealStuff/FPSTest/Content/UI/UI_Battery.uasset" 513
"D:/UnrealStuff/FPSTest/Content/UI/UI_Battery.uexp" 514
"D:/UnrealStuff/FPSTest/Content/UI/UI_Shells.uasset" 515
"D:/UnrealStuff/FPSTest/Content/UI/UI_Shells.uexp" 516
"D:/UnrealStuff/FPSTest/Content/UI/UI_RedKeycard.ubulk" 517
"D:/UnrealStuff/FPSTest/Content/UI/UI_RedKeycard.uasset" 518
"D:/UnrealStuff/FPSTest/Content/UI/UI_RedKeycard.uexp" 519
"D:/UnrealStuff/FPSTest/Content/UI/UI_YellowKeycard.ubulk" 520
"D:/UnrealStuff/FPSTest/Content/UI/UI_YellowKeycard.uasset" 521
"D:/UnrealStuff/FPSTest/Content/UI/UI_YellowKeycard.uexp" 522
"D:/UnrealStuff/FPSTest/Content/UI/UI_Armor.uasset" 523
"D:/UnrealStuff/FPSTest/Content/UI/UI_Armor.uexp" 524
"D:/UnrealStuff/FPSTest/Content/UI/UI_Health.uasset" 525
"D:/UnrealStuff/FPSTest/Content/UI/UI_Health.uexp" 526
"D:/UnrealStuff/FPSTest/Content/UI/UI_PlayerStatsDisplay.uasset" 527
"D:/UnrealStuff/FPSTest/Content/UI/UI_PlayerStatsDisplay.uexp" 528
"D:/UnrealStuff/FPSTest/Content/Sounds/Entities/secretfound.ubulk" 529
"D:/UnrealStuff/FPSTest/Content/Sounds/Entities/secretfound.uasset" 530
"D:/UnrealStuff/FPSTest/Content/Sounds/Entities/secretfound.uexp" 531
"D:/UnrealStuff/FPSTest/Content/Sounds/Weapons/shotgunfire.ubulk" 532
"D:/UnrealStuff/FPSTest/Content/Sounds/Weapons/shotgunfire.uasset" 533
"D:/UnrealStuff/FPSTest/Content/Sounds/Weapons/shotgunfire.uexp" 534
"../../../Engine/Content/Animation/DefaultAnimCurveCompressionSettings.uasset" 535
"../../../Engine/Content/Animation/DefaultAnimCurveCompressionSettings.uexp" 536
"../../../Engine/Content/Animation/DefaultAnimBoneCompressionSettings.uasset" 537
"../../../Engine/Content/Animation/DefaultAnimBoneCompressionSettings.uexp" 538
"D:/UnrealStuff/FPSTest/Content/FirstPersonArms/Animations/FP_Rifle_Idle.uasset" 539
"D:/UnrealStuff/FPSTest/Content/FirstPersonArms/Animations/FP_Rifle_Idle.uexp" 540
"D:/UnrealStuff/FPSTest/Content/FirstPersonArms/Animations/FP_Rifle_Land.uasset" 541
"D:/UnrealStuff/FPSTest/Content/FirstPersonArms/Animations/FP_Rifle_Land.uexp" 542
"D:/UnrealStuff/FPSTest/Content/FirstPersonArms/Animations/FP_Rifle_Run.uasset" 543
"D:/UnrealStuff/FPSTest/Content/FirstPersonArms/Animations/FP_Rifle_Run.uexp" 544
"D:/UnrealStuff/FPSTest/Content/FirstPersonArms/Animations/FP_Rifle_Falling.uasset" 545
"D:/UnrealStuff/FPSTest/Content/FirstPersonArms/Animations/FP_Rifle_Falling.uexp" 546
"../../../Engine/Content/Animation/DefaultRecorderBoneCompression.uasset" 547
"../../../Engine/Content/Animation/DefaultRecorderBoneCompression.uexp" 548
"D:/UnrealStuff/FPSTest/Content/FirstPersonArms/Animations/FP_Idle.uasset" 549
"D:/UnrealStuff/FPSTest/Content/FirstPersonArms/Animations/FP_Idle.uexp" 550
"D:/UnrealStuff/FPSTest/Content/FirstPersonArms/Animations/FP_Jump.uasset" 551
"D:/UnrealStuff/FPSTest/Content/FirstPersonArms/Animations/FP_Jump.uexp" 552
"D:/UnrealStuff/FPSTest/Content/FirstPersonArms/Animations/FP_Run_Fwd.uasset" 553
"D:/UnrealStuff/FPSTest/Content/FirstPersonArms/Animations/FP_Run_Fwd.uexp" 554
"D:/UnrealStuff/FPSTest/Content/FirstPersonArms/Animations/FP_Land.uasset" 555
"D:/UnrealStuff/FPSTest/Content/FirstPersonArms/Animations/FP_Land.uexp" 556
"D:/UnrealStuff/FPSTest/Content/FirstPersonArms/Animations/FP_Falling.uasset" 557
"D:/UnrealStuff/FPSTest/Content/FirstPersonArms/Animations/FP_Falling.uexp" 558
"D:/UnrealStuff/FPSTest/Content/FirstPersonArms/Animations/FP_Rifle_Jump.uasset" 559
"D:/UnrealStuff/FPSTest/Content/FirstPersonArms/Animations/FP_Rifle_Jump.uexp" 560
"D:/UnrealStuff/FPSTest/Content/FirstPersonArms/Animations/FirstPerson_AnimBP.uasset" 561
"D:/UnrealStuff/FPSTest/Content/FirstPersonArms/Animations/FirstPerson_AnimBP.uexp" 562
"D:/UnrealStuff/FPSTest/Content/Sounds/Weapons/plasmafire.ubulk" 563
"D:/UnrealStuff/FPSTest/Content/Sounds/Weapons/plasmafire.uasset" 564
"D:/UnrealStuff/FPSTest/Content/Sounds/Weapons/plasmafire.uexp" 565
"D:/UnrealStuff/FPSTest/Content/WeaponContent/Shotgun_ncl1_1.ubulk" 566
"D:/UnrealStuff/FPSTest/Content/WeaponContent/Shotgun_ncl1_1.uasset" 567
"D:/UnrealStuff/FPSTest/Content/WeaponContent/Shotgun_ncl1_1.uexp" 568
"D:/UnrealStuff/FPSTest/Content/WeaponContent/Shotgun1.uasset" 569
"D:/UnrealStuff/FPSTest/Content/WeaponContent/Shotgun1.uexp" 570
"D:/UnrealStuff/FPSTest/Content/WeaponContent/Shotgun.ubulk" 571
"D:/UnrealStuff/FPSTest/Content/WeaponContent/Shotgun.uasset" 572
"D:/UnrealStuff/FPSTest/Content/WeaponContent/Shotgun.uexp" 573
"D:/UnrealStuff/FPSTest/Content/WeaponContent/ElectronRifle_ncl1_1.ubulk" 574
"D:/UnrealStuff/FPSTest/Content/WeaponContent/ElectronRifle_ncl1_1.uasset" 575
"D:/UnrealStuff/FPSTest/Content/WeaponContent/ElectronRifle_ncl1_1.uexp" 576
"D:/UnrealStuff/FPSTest/Content/WeaponContent/ElectronRifle1.uasset" 577
"D:/UnrealStuff/FPSTest/Content/WeaponContent/ElectronRifle1.uexp" 578
"D:/UnrealStuff/FPSTest/Content/WeaponContent/ElectronRifle.ubulk" 579
"D:/UnrealStuff/FPSTest/Content/WeaponContent/ElectronRifle.uasset" 580
"D:/UnrealStuff/FPSTest/Content/WeaponContent/ElectronRifle.uexp" 581
"D:/UnrealStuff/FPSTest/Content/WeaponContent/DBshotgun_ncl1_1.ubulk" 582
"D:/UnrealStuff/FPSTest/Content/WeaponContent/DBshotgun_ncl1_1.uasset" 583
"D:/UnrealStuff/FPSTest/Content/WeaponContent/DBshotgun_ncl1_1.uexp" 584
"D:/UnrealStuff/FPSTest/Content/WeaponContent/DBshotgun1.uasset" 585
"D:/UnrealStuff/FPSTest/Content/WeaponContent/DBshotgun1.uexp" 586
"D:/UnrealStuff/FPSTest/Content/WeaponContent/DBshotgun.ubulk" 587
"D:/UnrealStuff/FPSTest/Content/WeaponContent/DBshotgun.uasset" 588
"D:/UnrealStuff/FPSTest/Content/WeaponContent/DBshotgun.uexp" 589
"D:/UnrealStuff/FPSTest/Content/FirstPerson/Playermodel/walking.uasset" 590
"D:/UnrealStuff/FPSTest/Content/FirstPerson/Playermodel/walking.uexp" 591
"D:/UnrealStuff/FPSTest/Content/FirstPerson/Playermodel/ABP_Player.uasset" 592
"D:/UnrealStuff/FPSTest/Content/FirstPerson/Playermodel/ABP_Player.uexp" 593
"D:/UnrealStuff/FPSTest/Content/WeaponContent/IonCannon_ncl1_1.ubulk" 594
"D:/UnrealStuff/FPSTest/Content/WeaponContent/IonCannon_ncl1_1.uasset" 595
"D:/UnrealStuff/FPSTest/Content/WeaponContent/IonCannon_ncl1_1.uexp" 596
"D:/UnrealStuff/FPSTest/Content/WeaponContent/IonCannon1.uasset" 597
"D:/UnrealStuff/FPSTest/Content/WeaponContent/IonCannon1.uexp" 598
"D:/UnrealStuff/FPSTest/Content/WeaponContent/IonCannon.ubulk" 599
"D:/UnrealStuff/FPSTest/Content/WeaponContent/IonCannon.uasset" 600
"D:/UnrealStuff/FPSTest/Content/WeaponContent/IonCannon.uexp" 601
"D:/UnrealStuff/FPSTest/Content/FirstPerson/Blueprints/BP_FirstPersonCharacter.uasset" 602
"D:/UnrealStuff/FPSTest/Content/FirstPerson/Blueprints/BP_FirstPersonCharacter.uexp" 603
"D:/UnrealStuff/FPSTest/Content/Interactable/InteractableBase.uasset" 604
"D:/UnrealStuff/FPSTest/Content/Interactable/InteractableBase.uexp" 605
"D:/UnrealStuff/FPSTest/Content/InteractableContent/MetalDoorSingular/open.uasset" 606
"D:/UnrealStuff/FPSTest/Content/InteractableContent/MetalDoorSingular/open.uexp" 607
"D:/UnrealStuff/FPSTest/Content/InteractableContent/MetalDoorSingular/doorsingle_mainlower.uasset" 608
"D:/UnrealStuff/FPSTest/Content/InteractableContent/MetalDoorSingular/doorsingle_mainlower.uexp" 609
"D:/UnrealStuff/FPSTest/Content/InteractableContent/MetalDoorSingular/metaldoor_single_material_0.uasset" 610
"D:/UnrealStuff/FPSTest/Content/InteractableContent/MetalDoorSingular/metaldoor_single_material_0.uexp" 611
"D:/UnrealStuff/FPSTest/Content/InteractableContent/MetalDoorSingular/metaldoor_single_material_1.uasset" 612
"D:/UnrealStuff/FPSTest/Content/InteractableContent/MetalDoorSingular/metaldoor_single_material_1.uexp" 613
"D:/UnrealStuff/FPSTest/Content/InteractableContent/MetalDoorSingular/metaldoor_single_PhysicsAsset.uasset" 614
"D:/UnrealStuff/FPSTest/Content/InteractableContent/MetalDoorSingular/metaldoor_single_PhysicsAsset.uexp" 615
"D:/UnrealStuff/FPSTest/Content/InteractableContent/MetalDoorSingular/metaldoor_single.uasset" 616
"D:/UnrealStuff/FPSTest/Content/InteractableContent/MetalDoorSingular/metaldoor_single.uexp" 617
"D:/UnrealStuff/FPSTest/Content/Interactable/InteractableBase_MetalDoor.uasset" 618
"D:/UnrealStuff/FPSTest/Content/Interactable/InteractableBase_MetalDoor.uexp" 619
"D:/UnrealStuff/FPSTest/Content/EnemyContent/ChaosSoldier/lowertorso.uasset" 620
"D:/UnrealStuff/FPSTest/Content/EnemyContent/ChaosSoldier/lowertorso.uexp" 621
"D:/UnrealStuff/FPSTest/Content/EnemyContent/ChaosSoldier/soldierlowertorso.uasset" 622
"D:/UnrealStuff/FPSTest/Content/EnemyContent/ChaosSoldier/soldierlowertorso.uexp" 623
"D:/UnrealStuff/FPSTest/Content/EnemyContent/ChaosSoldier/chaossoldier_material_0.uasset" 624
"D:/UnrealStuff/FPSTest/Content/EnemyContent/ChaosSoldier/chaossoldier_material_0.uexp" 625
"D:/UnrealStuff/FPSTest/Content/EnemyContent/ChaosSoldier/uppertorso.uasset" 626
"D:/UnrealStuff/FPSTest/Content/EnemyContent/ChaosSoldier/uppertorso.uexp" 627
"D:/UnrealStuff/FPSTest/Content/EnemyContent/ChaosSoldier/chaossoldier_material_1.uasset" 628
"D:/UnrealStuff/FPSTest/Content/EnemyContent/ChaosSoldier/chaossoldier_material_1.uexp" 629
"D:/UnrealStuff/FPSTest/Content/EnemyContent/ChaosSoldier/armtexture.uasset" 630
"D:/UnrealStuff/FPSTest/Content/EnemyContent/ChaosSoldier/armtexture.uexp" 631
"D:/UnrealStuff/FPSTest/Content/EnemyContent/ChaosSoldier/chaossoldier_material_2.uasset" 632
"D:/UnrealStuff/FPSTest/Content/EnemyContent/ChaosSoldier/chaossoldier_material_2.uexp" 633
"D:/UnrealStuff/FPSTest/Content/EnemyContent/ChaosSoldier/texture.uasset" 634
"D:/UnrealStuff/FPSTest/Content/EnemyContent/ChaosSoldier/texture.uexp" 635
"D:/UnrealStuff/FPSTest/Content/EnemyContent/ChaosSoldier/chaossoldier_material_3.uasset" 636
"D:/UnrealStuff/FPSTest/Content/EnemyContent/ChaosSoldier/chaossoldier_material_3.uexp" 637
"D:/UnrealStuff/FPSTest/Content/EnemyContent/ChaosSoldier/headtexture.uasset" 638
"D:/UnrealStuff/FPSTest/Content/EnemyContent/ChaosSoldier/headtexture.uexp" 639
"D:/UnrealStuff/FPSTest/Content/EnemyContent/ChaosSoldier/chaossoldier_material_4.uasset" 640
"D:/UnrealStuff/FPSTest/Content/EnemyContent/ChaosSoldier/chaossoldier_material_4.uexp" 641
"D:/UnrealStuff/FPSTest/Content/EnemyContent/ChaosSoldier/foottexture_png.uasset" 642
"D:/UnrealStuff/FPSTest/Content/EnemyContent/ChaosSoldier/foottexture_png.uexp" 643
"D:/UnrealStuff/FPSTest/Content/EnemyContent/ChaosSoldier/chaossoldier_material_5.uasset" 644
"D:/UnrealStuff/FPSTest/Content/EnemyContent/ChaosSoldier/chaossoldier_material_5.uexp" 645
"D:/UnrealStuff/FPSTest/Content/EnemyContent/ChaosSoldier/legtexture.uasset" 646
"D:/UnrealStuff/FPSTest/Content/EnemyContent/ChaosSoldier/legtexture.uexp" 647
"D:/UnrealStuff/FPSTest/Content/EnemyContent/ChaosSoldier/chaossoldier_material_6.uasset" 648
"D:/UnrealStuff/FPSTest/Content/EnemyContent/ChaosSoldier/chaossoldier_material_6.uexp" 649
"D:/UnrealStuff/FPSTest/Content/EnemyContent/ChaosSoldier/chaossoldier_PhysicsAsset.uasset" 650
"D:/UnrealStuff/FPSTest/Content/EnemyContent/ChaosSoldier/chaossoldier_PhysicsAsset.uexp" 651
"D:/UnrealStuff/FPSTest/Content/EnemyContent/ChaosSoldier/chaossoldier_Skeleton.uasset" 652
"D:/UnrealStuff/FPSTest/Content/EnemyContent/ChaosSoldier/chaossoldier_Skeleton.uexp" 653
"D:/UnrealStuff/FPSTest/Content/EnemyContent/ChaosSoldier/chaossoldier.uasset" 654
"D:/UnrealStuff/FPSTest/Content/EnemyContent/ChaosSoldier/chaossoldier.uexp" 655
"D:/UnrealStuff/FPSTest/Content/Enemies/BTTask_Setcooldown.uasset" 656
"D:/UnrealStuff/FPSTest/Content/Enemies/BTTask_Setcooldown.uexp" 657
"D:/UnrealStuff/FPSTest/Content/Enemies/BTTask_ReduceCooldownTick.uasset" 658
"D:/UnrealStuff/FPSTest/Content/Enemies/BTTask_ReduceCooldownTick.uexp" 659
"D:/UnrealStuff/FPSTest/Content/EnemyContent/ChaosSoldier/die.uasset" 660
"D:/UnrealStuff/FPSTest/Content/EnemyContent/ChaosSoldier/die.uexp" 661
"D:/UnrealStuff/FPSTest/Content/Sounds/Entities/itempickup.ubulk" 662
"D:/UnrealStuff/FPSTest/Content/Sounds/Entities/itempickup.uasset" 663
"D:/UnrealStuff/FPSTest/Content/Sounds/Entities/itempickup.uexp" 664
"D:/UnrealStuff/FPSTest/Content/PickupContent/Ammo/AmmoBulletSmall_ncl1_1.uasset" 665
"D:/UnrealStuff/FPSTest/Content/PickupContent/Ammo/AmmoBulletSmall_ncl1_1.uexp" 666
"D:/UnrealStuff/FPSTest/Content/PickupContent/Ammo/AmmoBulletSmall1.uasset" 667
"D:/UnrealStuff/FPSTest/Content/PickupContent/Ammo/AmmoBulletSmall1.uexp" 668
"D:/UnrealStuff/FPSTest/Content/PickupContent/Ammo/AmmoBulletSmall.ubulk" 669
"D:/UnrealStuff/FPSTest/Content/PickupContent/Ammo/AmmoBulletSmall.uasset" 670
"D:/UnrealStuff/FPSTest/Content/PickupContent/Ammo/AmmoBulletSmall.uexp" 671
"D:/UnrealStuff/FPSTest/Content/Pickups/Pickup_Bullets_Small.uasset" 672
"D:/UnrealStuff/FPSTest/Content/Pickups/Pickup_Bullets_Small.uexp" 673
"D:/UnrealStuff/FPSTest/Content/Sounds/Enemies/chaosenemy_hurt.ubulk" 674
"D:/UnrealStuff/FPSTest/Content/Sounds/Enemies/chaosenemy_hurt.uasset" 675
"D:/UnrealStuff/FPSTest/Content/Sounds/Enemies/chaosenemy_hurt.uexp" 676
"D:/UnrealStuff/FPSTest/Content/EnemyContent/ChaosSoldier/attack.uasset" 677
"D:/UnrealStuff/FPSTest/Content/EnemyContent/ChaosSoldier/attack.uexp" 678
"D:/UnrealStuff/FPSTest/Content/EnemyContent/ChaosSoldier/idle.uasset" 679
"D:/UnrealStuff/FPSTest/Content/EnemyContent/ChaosSoldier/idle.uexp" 680
"D:/UnrealStuff/FPSTest/Content/EnemyContent/ChaosSoldier/walking.uasset" 681
"D:/UnrealStuff/FPSTest/Content/EnemyContent/ChaosSoldier/walking.uexp" 682
"D:/UnrealStuff/FPSTest/Content/AnimBluePrints/ABP_ChaosSoldier.uasset" 683
"D:/UnrealStuff/FPSTest/Content/AnimBluePrints/ABP_ChaosSoldier.uexp" 684
"D:/UnrealStuff/FPSTest/Content/Sounds/Enemies/chaosenemy_die.ubulk" 685
"D:/UnrealStuff/FPSTest/Content/Sounds/Enemies/chaosenemy_die.uasset" 686
"D:/UnrealStuff/FPSTest/Content/Sounds/Enemies/chaosenemy_die.uexp" 687
"D:/UnrealStuff/FPSTest/Content/Enemies/ChaosSoldier/BB_ChaosSoldier.uasset" 688
"D:/UnrealStuff/FPSTest/Content/Enemies/ChaosSoldier/BB_ChaosSoldier.uexp" 689
"D:/UnrealStuff/FPSTest/Content/EnemyContent/ChaosSoldier/chaos_soldier_attack.uasset" 690
"D:/UnrealStuff/FPSTest/Content/EnemyContent/ChaosSoldier/chaos_soldier_attack.uexp" 691
"D:/UnrealStuff/FPSTest/Content/Enemies/BTTask_PlayMontage.uasset" 692
"D:/UnrealStuff/FPSTest/Content/Enemies/BTTask_PlayMontage.uexp" 693
"D:/UnrealStuff/FPSTest/Content/Enemies/BTTask_FireBulletAtTarget.uasset" 694
"D:/UnrealStuff/FPSTest/Content/Enemies/BTTask_FireBulletAtTarget.uexp" 695
"D:/UnrealStuff/FPSTest/Content/Enemies/BTTask_CheckTargetDead.uasset" 696
"D:/UnrealStuff/FPSTest/Content/Enemies/BTTask_CheckTargetDead.uexp" 697
"D:/UnrealStuff/FPSTest/Content/Enemies/BTTask_PlaySound.uasset" 698
"D:/UnrealStuff/FPSTest/Content/Enemies/BTTask_PlaySound.uexp" 699
"D:/UnrealStuff/FPSTest/Content/Enemies/BTTask_HasLineOfSight.uasset" 700
"D:/UnrealStuff/FPSTest/Content/Enemies/BTTask_HasLineOfSight.uexp" 701
"D:/UnrealStuff/FPSTest/Content/Enemies/ChaosSoldier/BT_ChaosSoldier.uasset" 702
"D:/UnrealStuff/FPSTest/Content/Enemies/ChaosSoldier/BT_ChaosSoldier.uexp" 703
"D:/UnrealStuff/FPSTest/Content/Enemies/ChaosSoldier/AI_ChaosSoldier.uasset" 704
"D:/UnrealStuff/FPSTest/Content/Enemies/ChaosSoldier/AI_ChaosSoldier.uexp" 705
"D:/UnrealStuff/FPSTest/Content/Enemies/ChaosSoldier/BP_Enemy_ChaosSoldier.uasset" 706
"D:/UnrealStuff/FPSTest/Content/Enemies/ChaosSoldier/BP_Enemy_ChaosSoldier.uexp" 707
"D:/UnrealStuff/FPSTest/Content/Effects/ExplosionGeneric.uasset" 708
"D:/UnrealStuff/FPSTest/Content/Effects/ExplosionGeneric.uexp" 709
"../../../Engine/Plugins/Runtime/MeshModelingToolset/Content/Materials/M_DynamicMeshComponentVtxColor.uasset" 710
"../../../Engine/Plugins/Runtime/MeshModelingToolset/Content/Materials/M_DynamicMeshComponentVtxColor.uexp" 711
"D:/UnrealStuff/FPSTest/Content/StarterContent/Materials/M_Basic_Wall.uasset" 712
"D:/UnrealStuff/FPSTest/Content/StarterContent/Materials/M_Basic_Wall.uexp" 713
"D:/UnrealStuff/FPSTest/Content/StarterContent/Shapes/Shape_WideCapsule.ubulk" 714
"D:/UnrealStuff/FPSTest/Content/StarterContent/Shapes/Shape_WideCapsule.uasset" 715
"D:/UnrealStuff/FPSTest/Content/StarterContent/Shapes/Shape_WideCapsule.uexp" 716
"D:/UnrealStuff/FPSTest/Content/StarterContent/Shapes/Shape_Wedge_B.ubulk" 717
"D:/UnrealStuff/FPSTest/Content/StarterContent/Shapes/Shape_Wedge_B.uasset" 718
"D:/UnrealStuff/FPSTest/Content/StarterContent/Shapes/Shape_Wedge_B.uexp" 719
"D:/UnrealStuff/FPSTest/Content/StarterContent/Shapes/Shape_Wedge_A.ubulk" 720
"D:/UnrealStuff/FPSTest/Content/StarterContent/Shapes/Shape_Wedge_A.uasset" 721
"D:/UnrealStuff/FPSTest/Content/StarterContent/Shapes/Shape_Wedge_A.uexp" 722
"D:/UnrealStuff/FPSTest/Content/StarterContent/Shapes/Shape_Tube.ubulk" 723
"D:/UnrealStuff/FPSTest/Content/StarterContent/Shapes/Shape_Tube.uasset" 724
"D:/UnrealStuff/FPSTest/Content/StarterContent/Shapes/Shape_Tube.uexp" 725
"D:/UnrealStuff/FPSTest/Content/StarterContent/Shapes/Shape_TriPyramid.ubulk" 726
"D:/UnrealStuff/FPSTest/Content/StarterContent/Shapes/Shape_TriPyramid.uasset" 727
"D:/UnrealStuff/FPSTest/Content/StarterContent/Shapes/Shape_TriPyramid.uexp" 728
"D:/UnrealStuff/FPSTest/Content/StarterContent/Shapes/Shape_Trim_90_Out.ubulk" 729
"D:/UnrealStuff/FPSTest/Content/StarterContent/Shapes/Shape_Trim_90_Out.uasset" 730
"D:/UnrealStuff/FPSTest/Content/StarterContent/Shapes/Shape_Trim_90_Out.uexp" 731
"D:/UnrealStuff/FPSTest/Content/StarterContent/Shapes/Shape_Trim_90_In.ubulk" 732
"D:/UnrealStuff/FPSTest/Content/StarterContent/Shapes/Shape_Trim_90_In.uasset" 733
"D:/UnrealStuff/FPSTest/Content/StarterContent/Shapes/Shape_Trim_90_In.uexp" 734
"D:/UnrealStuff/FPSTest/Content/StarterContent/Shapes/Shape_Trim.ubulk" 735
"D:/UnrealStuff/FPSTest/Content/StarterContent/Shapes/Shape_Trim.uasset" 736
"D:/UnrealStuff/FPSTest/Content/StarterContent/Shapes/Shape_Trim.uexp" 737
"D:/UnrealStuff/FPSTest/Content/StarterContent/Shapes/Shape_Torus.ubulk" 738
"D:/UnrealStuff/FPSTest/Content/StarterContent/Shapes/Shape_Torus.uasset" 739
"D:/UnrealStuff/FPSTest/Content/StarterContent/Shapes/Shape_Torus.uexp" 740
"D:/UnrealStuff/FPSTest/Content/StarterContent/Shapes/Shape_Plane.ubulk" 741
"D:/UnrealStuff/FPSTest/Content/StarterContent/Shapes/Shape_Plane.uasset" 742
"D:/UnrealStuff/FPSTest/Content/StarterContent/Shapes/Shape_Plane.uexp" 743
"D:/UnrealStuff/FPSTest/Content/StarterContent/Shapes/Shape_Pipe_90.ubulk" 744
"D:/UnrealStuff/FPSTest/Content/StarterContent/Shapes/Shape_Pipe_90.uasset" 745
"D:/UnrealStuff/FPSTest/Content/StarterContent/Shapes/Shape_Pipe_90.uexp" 746
"D:/UnrealStuff/FPSTest/Content/StarterContent/Shapes/Shape_Pipe_180.ubulk" 747
"D:/UnrealStuff/FPSTest/Content/StarterContent/Shapes/Shape_Pipe_180.uasset" 748
"D:/UnrealStuff/FPSTest/Content/StarterContent/Shapes/Shape_Pipe_180.uexp" 749
"D:/UnrealStuff/FPSTest/Content/StarterContent/Shapes/Shape_Pipe.ubulk" 750
"D:/UnrealStuff/FPSTest/Content/StarterContent/Shapes/Shape_Pipe.uasset" 751
"D:/UnrealStuff/FPSTest/Content/StarterContent/Shapes/Shape_Pipe.uexp" 752
"D:/UnrealStuff/FPSTest/Content/StarterContent/Shapes/Shape_NarrowCapsule.ubulk" 753
"D:/UnrealStuff/FPSTest/Content/StarterContent/Shapes/Shape_NarrowCapsule.uasset" 754
"D:/UnrealStuff/FPSTest/Content/StarterContent/Shapes/Shape_NarrowCapsule.uexp" 755
"D:/UnrealStuff/FPSTest/Content/StarterContent/Shapes/Shape_Cylinder.ubulk" 756
"D:/UnrealStuff/FPSTest/Content/StarterContent/Shapes/Shape_Cylinder.uasset" 757
"D:/UnrealStuff/FPSTest/Content/StarterContent/Shapes/Shape_Cylinder.uexp" 758
"D:/UnrealStuff/FPSTest/Content/StarterContent/Shapes/Shape_Cone.ubulk" 759
"D:/UnrealStuff/FPSTest/Content/StarterContent/Shapes/Shape_Cone.uasset" 760
"D:/UnrealStuff/FPSTest/Content/StarterContent/Shapes/Shape_Cone.uexp" 761
"D:/UnrealStuff/FPSTest/Content/StarterContent/Materials/M_Basic_Floor.uasset" 762
"D:/UnrealStuff/FPSTest/Content/StarterContent/Materials/M_Basic_Floor.uexp" 763
"D:/UnrealStuff/FPSTest/Content/StarterContent/Props/SM_Stairs.ubulk" 764
"D:/UnrealStuff/FPSTest/Content/StarterContent/Props/SM_Stairs.uasset" 765
"D:/UnrealStuff/FPSTest/Content/StarterContent/Props/SM_Stairs.uexp" 766
"D:/UnrealStuff/FPSTest/Content/StarterContent/Textures/T_Shelf_N.ubulk" 767
"D:/UnrealStuff/FPSTest/Content/StarterContent/Textures/T_Shelf_N.uasset" 768
"D:/UnrealStuff/FPSTest/Content/StarterContent/Textures/T_Shelf_N.uexp" 769
"D:/UnrealStuff/FPSTest/Content/StarterContent/Textures/T_Shelf_M.ubulk" 770
"D:/UnrealStuff/FPSTest/Content/StarterContent/Textures/T_Shelf_M.uasset" 771
"D:/UnrealStuff/FPSTest/Content/StarterContent/Textures/T_Shelf_M.uexp" 772
"D:/UnrealStuff/FPSTest/Content/StarterContent/Props/Materials/M_Shelf.uasset" 773
"D:/UnrealStuff/FPSTest/Content/StarterContent/Props/Materials/M_Shelf.uexp" 774
"D:/UnrealStuff/FPSTest/Content/StarterContent/Props/SM_Shelf.ubulk" 775
"D:/UnrealStuff/FPSTest/Content/StarterContent/Props/SM_Shelf.uasset" 776
"D:/UnrealStuff/FPSTest/Content/StarterContent/Props/SM_Shelf.uexp" 777
"../../../Engine/Content/Functions/Engine_MaterialFunctions02/Utility/BlendAngleCorrectedNormals.uasset" 778
"../../../Engine/Content/Functions/Engine_MaterialFunctions02/Utility/BlendAngleCorrectedNormals.uexp" 779
"D:/UnrealStuff/FPSTest/Content/StarterContent/Textures/T_Detail_Rocky_N.ubulk" 780
"D:/UnrealStuff/FPSTest/Content/StarterContent/Textures/T_Detail_Rocky_N.uasset" 781
"D:/UnrealStuff/FPSTest/Content/StarterContent/Textures/T_Detail_Rocky_N.uexp" 782
"D:/UnrealStuff/FPSTest/Content/StarterContent/Textures/T_Rock_Basalt_D.ubulk" 783
"D:/UnrealStuff/FPSTest/Content/StarterContent/Textures/T_Rock_Basalt_D.uasset" 784
"D:/UnrealStuff/FPSTest/Content/StarterContent/Textures/T_Rock_Basalt_D.uexp" 785
"D:/UnrealStuff/FPSTest/Content/StarterContent/Textures/T_RockMesh_N.ubulk" 786
"D:/UnrealStuff/FPSTest/Content/StarterContent/Textures/T_RockMesh_N.uasset" 787
"D:/UnrealStuff/FPSTest/Content/StarterContent/Textures/T_RockMesh_N.uexp" 788
"D:/UnrealStuff/FPSTest/Content/StarterContent/Textures/T_RockMesh_M.ubulk" 789
"D:/UnrealStuff/FPSTest/Content/StarterContent/Textures/T_RockMesh_M.uasset" 790
"D:/UnrealStuff/FPSTest/Content/StarterContent/Textures/T_RockMesh_M.uexp" 791
"D:/UnrealStuff/FPSTest/Content/StarterContent/Props/Materials/M_Rock.uasset" 792
"D:/UnrealStuff/FPSTest/Content/StarterContent/Props/Materials/M_Rock.uexp" 793
"D:/UnrealStuff/FPSTest/Content/StarterContent/Props/SM_Rock.ubulk" 794
"D:/UnrealStuff/FPSTest/Content/StarterContent/Props/SM_Rock.uasset" 795
"D:/UnrealStuff/FPSTest/Content/StarterContent/Props/SM_Rock.uexp" 796
"D:/UnrealStuff/FPSTest/Content/StarterContent/Materials/M_Glass.uasset" 797
"D:/UnrealStuff/FPSTest/Content/StarterContent/Materials/M_Glass.uexp" 798
"D:/UnrealStuff/FPSTest/Content/StarterContent/Textures/T_Door_N.ubulk" 799
"D:/UnrealStuff/FPSTest/Content/StarterContent/Textures/T_Door_N.uasset" 800
"D:/UnrealStuff/FPSTest/Content/StarterContent/Textures/T_Door_N.uexp" 801
"D:/UnrealStuff/FPSTest/Content/StarterContent/Textures/T_Door_M.ubulk" 802
"D:/UnrealStuff/FPSTest/Content/StarterContent/Textures/T_Door_M.uasset" 803
"D:/UnrealStuff/FPSTest/Content/StarterContent/Textures/T_Door_M.uexp" 804
"D:/UnrealStuff/FPSTest/Content/StarterContent/Props/Materials/M_Door.uasset" 805
"D:/UnrealStuff/FPSTest/Content/StarterContent/Props/Materials/M_Door.uexp" 806
"D:/UnrealStuff/FPSTest/Content/StarterContent/Props/SM_Door.ubulk" 807
"D:/UnrealStuff/FPSTest/Content/StarterContent/Props/SM_Door.uasset" 808
"D:/UnrealStuff/FPSTest/Content/StarterContent/Props/SM_Door.uexp" 809
"D:/UnrealStuff/FPSTest/Content/StarterContent/Textures/T_Chair_N.ubulk" 810
"D:/UnrealStuff/FPSTest/Content/StarterContent/Textures/T_Chair_N.uasset" 811
"D:/UnrealStuff/FPSTest/Content/StarterContent/Textures/T_Chair_N.uexp" 812
"D:/UnrealStuff/FPSTest/Content/StarterContent/Textures/T_Chair_M.ubulk" 813
"D:/UnrealStuff/FPSTest/Content/StarterContent/Textures/T_Chair_M.uasset" 814
"D:/UnrealStuff/FPSTest/Content/StarterContent/Textures/T_Chair_M.uexp" 815
"D:/UnrealStuff/FPSTest/Content/StarterContent/Props/Materials/M_Chair.uasset" 816
"D:/UnrealStuff/FPSTest/Content/StarterContent/Props/Materials/M_Chair.uexp" 817
"D:/UnrealStuff/FPSTest/Content/StarterContent/Props/SM_Couch.ubulk" 818
"D:/UnrealStuff/FPSTest/Content/StarterContent/Props/SM_Couch.uasset" 819
"D:/UnrealStuff/FPSTest/Content/StarterContent/Props/SM_Couch.uexp" 820
"D:/UnrealStuff/FPSTest/Content/StarterContent/Textures/T_Bush_N.ubulk" 821
"D:/UnrealStuff/FPSTest/Content/StarterContent/Textures/T_Bush_N.uasset" 822
"D:/UnrealStuff/FPSTest/Content/StarterContent/Textures/T_Bush_N.uexp" 823
"D:/UnrealStuff/FPSTest/Content/StarterContent/Textures/T_Bush_D.ubulk" 824
"D:/UnrealStuff/FPSTest/Content/StarterContent/Textures/T_Bush_D.uasset" 825
"D:/UnrealStuff/FPSTest/Content/StarterContent/Textures/T_Bush_D.uexp" 826
"D:/UnrealStuff/FPSTest/Content/StarterContent/Props/Materials/M_Bush.uasset" 827
"D:/UnrealStuff/FPSTest/Content/StarterContent/Props/Materials/M_Bush.uexp" 828
"D:/UnrealStuff/FPSTest/Content/StarterContent/Props/SM_Bush.ubulk" 829
"D:/UnrealStuff/FPSTest/Content/StarterContent/Props/SM_Bush.uasset" 830
"D:/UnrealStuff/FPSTest/Content/StarterContent/Props/SM_Bush.uexp" 831
"../../../Engine/Content/EditorMeshes/ColorCalibrator/T_ColorGrid.ubulk" 832
"../../../Engine/Content/EditorMeshes/ColorCalibrator/T_ColorGrid.uasset" 833
"../../../Engine/Content/EditorMeshes/ColorCalibrator/T_ColorGrid.uexp" 834
"D:/UnrealStuff/FPSTest/Content/StarterContent/Materials/M_ColorGrid_LowSpec.uasset" 835
"D:/UnrealStuff/FPSTest/Content/StarterContent/Materials/M_ColorGrid_LowSpec.uexp" 836
"D:/UnrealStuff/FPSTest/Content/StarterContent/Textures/T_Smoke_SubUV.ubulk" 837
"D:/UnrealStuff/FPSTest/Content/StarterContent/Textures/T_Smoke_SubUV.uasset" 838
"D:/UnrealStuff/FPSTest/Content/StarterContent/Textures/T_Smoke_SubUV.uexp" 839
"D:/UnrealStuff/FPSTest/Content/StarterContent/Textures/T_Smoke_Tiled_D.ubulk" 840
"D:/UnrealStuff/FPSTest/Content/StarterContent/Textures/T_Smoke_Tiled_D.uasset" 841
"D:/UnrealStuff/FPSTest/Content/StarterContent/Textures/T_Smoke_Tiled_D.uexp" 842
"D:/UnrealStuff/FPSTest/Content/StarterContent/Particles/Materials/M_smoke_subUV.uasset" 843
"D:/UnrealStuff/FPSTest/Content/StarterContent/Particles/Materials/M_smoke_subUV.uexp" 844
"D:/UnrealStuff/FPSTest/Content/StarterContent/Textures/T_Burst_M.ubulk" 845
"D:/UnrealStuff/FPSTest/Content/StarterContent/Textures/T_Burst_M.uasset" 846
"D:/UnrealStuff/FPSTest/Content/StarterContent/Textures/T_Burst_M.uexp" 847
"D:/UnrealStuff/FPSTest/Content/StarterContent/Particles/Materials/M_Burst.uasset" 848
"D:/UnrealStuff/FPSTest/Content/StarterContent/Particles/Materials/M_Burst.uexp" 849
"D:/UnrealStuff/FPSTest/Content/StarterContent/Particles/Materials/m_flare_01.uasset" 850
"D:/UnrealStuff/FPSTest/Content/StarterContent/Particles/Materials/m_flare_01.uexp" 851
"D:/UnrealStuff/FPSTest/Content/StarterContent/Textures/T_Explosion_SubUV.ubulk" 852
"D:/UnrealStuff/FPSTest/Content/StarterContent/Textures/T_Explosion_SubUV.uasset" 853
"D:/UnrealStuff/FPSTest/Content/StarterContent/Textures/T_Explosion_SubUV.uexp" 854
"D:/UnrealStuff/FPSTest/Content/StarterContent/Particles/Materials/M_explosion_subUV.uasset" 855
"D:/UnrealStuff/FPSTest/Content/StarterContent/Particles/Materials/M_explosion_subUV.uexp" 856
"../../../Engine/Content/Functions/Engine_MaterialFunctions01/Gradient/RadialGradient.uasset" 857
"../../../Engine/Content/Functions/Engine_MaterialFunctions01/Gradient/RadialGradient.uexp" 858
"D:/UnrealStuff/FPSTest/Content/StarterContent/Particles/Materials/M_radial_ramp.uasset" 859
"D:/UnrealStuff/FPSTest/Content/StarterContent/Particles/Materials/M_radial_ramp.uexp" 860
"D:/UnrealStuff/FPSTest/Content/StarterContent/Particles/P_Explosion.uasset" 861
"D:/UnrealStuff/FPSTest/Content/StarterContent/Particles/P_Explosion.uexp" 862
"D:/UnrealStuff/FPSTest/Content/StarterContent/Audio/Explosion_Cue.uasset" 863
"D:/UnrealStuff/FPSTest/Content/StarterContent/Audio/Explosion_Cue.uexp" 864
"D:/UnrealStuff/FPSTest/Content/StarterContent/Blueprints/Blueprint_Effect_Explosion.uasset" 865
"D:/UnrealStuff/FPSTest/Content/StarterContent/Blueprints/Blueprint_Effect_Explosion.uexp" 866
"D:/UnrealStuff/FPSTest/Content/StarterContent/Audio/Steam01.ubulk" 867
"D:/UnrealStuff/FPSTest/Content/StarterContent/Audio/Steam01.uasset" 868
"D:/UnrealStuff/FPSTest/Content/StarterContent/Audio/Steam01.uexp" 869
"D:/UnrealStuff/FPSTest/Content/StarterContent/Audio/Starter_Wind06.ubulk" 870
"D:/UnrealStuff/FPSTest/Content/StarterContent/Audio/Starter_Wind06.uasset" 871
"D:/UnrealStuff/FPSTest/Content/StarterContent/Audio/Starter_Wind06.uexp" 872
"D:/UnrealStuff/FPSTest/Content/StarterContent/Audio/Starter_Wind05.ubulk" 873
"D:/UnrealStuff/FPSTest/Content/StarterContent/Audio/Starter_Wind05.uasset" 874
"D:/UnrealStuff/FPSTest/Content/StarterContent/Audio/Starter_Wind05.uexp" 875
"D:/UnrealStuff/FPSTest/Content/StarterContent/Audio/Starter_Music01.ubulk" 876
"D:/UnrealStuff/FPSTest/Content/StarterContent/Audio/Starter_Music01.uasset" 877
"D:/UnrealStuff/FPSTest/Content/StarterContent/Audio/Starter_Music01.uexp" 878
"D:/UnrealStuff/FPSTest/Content/StarterContent/Audio/Starter_Birds01.ubulk" 879
"D:/UnrealStuff/FPSTest/Content/StarterContent/Audio/Starter_Birds01.uasset" 880
"D:/UnrealStuff/FPSTest/Content/StarterContent/Audio/Starter_Birds01.uexp" 881
"D:/UnrealStuff/FPSTest/Content/StarterContent/Audio/Smoke01.ubulk" 882
"D:/UnrealStuff/FPSTest/Content/StarterContent/Audio/Smoke01.uasset" 883
"D:/UnrealStuff/FPSTest/Content/StarterContent/Audio/Smoke01.uexp" 884
"D:/UnrealStuff/FPSTest/Content/StarterContent/Audio/Light02_Cue.uasset" 885
"D:/UnrealStuff/FPSTest/Content/StarterContent/Audio/Light02_Cue.uexp" 886
"D:/UnrealStuff/FPSTest/Content/StarterContent/Audio/Light02.ubulk" 887
"D:/UnrealStuff/FPSTest/Content/StarterContent/Audio/Light02.uasset" 888
"D:/UnrealStuff/FPSTest/Content/StarterContent/Audio/Light02.uexp" 889
"D:/UnrealStuff/FPSTest/Content/StarterContent/Audio/Light01_Cue.uasset" 890
"D:/UnrealStuff/FPSTest/Content/StarterContent/Audio/Light01_Cue.uexp" 891
"D:/UnrealStuff/FPSTest/Content/StarterContent/Audio/Light01.ubulk" 892
"D:/UnrealStuff/FPSTest/Content/StarterContent/Audio/Light01.uasset" 893
"D:/UnrealStuff/FPSTest/Content/StarterContent/Audio/Light01.uexp" 894
"D:/UnrealStuff/FPSTest/Content/StarterContent/Audio/Fire_Sparks01.ubulk" 895
"D:/UnrealStuff/FPSTest/Content/StarterContent/Audio/Fire_Sparks01.uasset" 896
"D:/UnrealStuff/FPSTest/Content/StarterContent/Audio/Fire_Sparks01.uexp" 897
"D:/UnrealStuff/FPSTest/Content/StarterContent/Audio/Fire01.ubulk" 898
"D:/UnrealStuff/FPSTest/Content/StarterContent/Audio/Fire01.uasset" 899
"D:/UnrealStuff/FPSTest/Content/StarterContent/Audio/Fire01.uexp" 900
"D:/UnrealStuff/FPSTest/Content/StarterContent/Audio/Explosion02.ubulk" 901
"D:/UnrealStuff/FPSTest/Content/StarterContent/Audio/Explosion02.uasset" 902
"D:/UnrealStuff/FPSTest/Content/StarterContent/Audio/Explosion02.uexp" 903
"D:/UnrealStuff/FPSTest/Content/StarterContent/Audio/Explosion01.ubulk" 904
"D:/UnrealStuff/FPSTest/Content/StarterContent/Audio/Explosion01.uasset" 905
"D:/UnrealStuff/FPSTest/Content/StarterContent/Audio/Explosion01.uexp" 906
"D:/UnrealStuff/FPSTest/Content/StarterContent/Audio/Collapse02.ubulk" 907
"D:/UnrealStuff/FPSTest/Content/StarterContent/Audio/Collapse02.uasset" 908
"D:/UnrealStuff/FPSTest/Content/StarterContent/Audio/Collapse02.uexp" 909
"D:/UnrealStuff/FPSTest/Content/StarterContent/Audio/Collapse01.ubulk" 910
"D:/UnrealStuff/FPSTest/Content/StarterContent/Audio/Collapse01.uasset" 911
"D:/UnrealStuff/FPSTest/Content/StarterContent/Audio/Collapse01.uexp" 912
"D:/UnrealStuff/FPSTest/Content/StarterContent/Architecture/Wall_Window_400x400.ubulk" 913
"D:/UnrealStuff/FPSTest/Content/StarterContent/Architecture/Wall_Window_400x400.uasset" 914
"D:/UnrealStuff/FPSTest/Content/StarterContent/Architecture/Wall_Window_400x400.uexp" 915
"D:/UnrealStuff/FPSTest/Content/StarterContent/Architecture/Wall_Door_400x400.ubulk" 916
"D:/UnrealStuff/FPSTest/Content/StarterContent/Architecture/Wall_Door_400x400.uasset" 917
"D:/UnrealStuff/FPSTest/Content/StarterContent/Architecture/Wall_Door_400x400.uexp" 918
"D:/UnrealStuff/FPSTest/Content/StarterContent/Architecture/Wall_500x500.ubulk" 919
"D:/UnrealStuff/FPSTest/Content/StarterContent/Architecture/Wall_500x500.uasset" 920
"D:/UnrealStuff/FPSTest/Content/StarterContent/Architecture/Wall_500x500.uexp" 921
"D:/UnrealStuff/FPSTest/Content/StarterContent/Architecture/Wall_400x400.ubulk" 922
"D:/UnrealStuff/FPSTest/Content/StarterContent/Architecture/Wall_400x400.uasset" 923
"D:/UnrealStuff/FPSTest/Content/StarterContent/Architecture/Wall_400x400.uexp" 924
"D:/UnrealStuff/FPSTest/Content/StarterContent/Architecture/Wall_400x300.ubulk" 925
"D:/UnrealStuff/FPSTest/Content/StarterContent/Architecture/Wall_400x300.uasset" 926
"D:/UnrealStuff/FPSTest/Content/StarterContent/Architecture/Wall_400x300.uexp" 927
"D:/UnrealStuff/FPSTest/Content/StarterContent/Architecture/Pillar_50x500.ubulk" 928
"D:/UnrealStuff/FPSTest/Content/StarterContent/Architecture/Pillar_50x500.uasset" 929
"D:/UnrealStuff/FPSTest/Content/StarterContent/Architecture/Pillar_50x500.uexp" 930
"D:/UnrealStuff/FPSTest/Content/PickupContent/Ammo/AmmoExplosiveSmall_ncl1_1.uasset" 931
"D:/UnrealStuff/FPSTest/Content/PickupContent/Ammo/AmmoExplosiveSmall_ncl1_1.uexp" 932
"D:/UnrealStuff/FPSTest/Content/PickupContent/Ammo/AmmoExplosiveSmall1.uasset" 933
"D:/UnrealStuff/FPSTest/Content/PickupContent/Ammo/AmmoExplosiveSmall1.uexp" 934
"D:/UnrealStuff/FPSTest/Content/PickupContent/Ammo/AmmoExplosiveSmall.ubulk" 935
"D:/UnrealStuff/FPSTest/Content/PickupContent/Ammo/AmmoExplosiveSmall.uasset" 936
"D:/UnrealStuff/FPSTest/Content/PickupContent/Ammo/AmmoExplosiveSmall.uexp" 937
"D:/UnrealStuff/FPSTest/Content/PickupContent/Ammo/AmmoExplosiveLarge_ncl1_1.uasset" 938
"D:/UnrealStuff/FPSTest/Content/PickupContent/Ammo/AmmoExplosiveLarge_ncl1_1.uexp" 939
"D:/UnrealStuff/FPSTest/Content/PickupContent/Ammo/AmmoExplosiveLarge1.uasset" 940
"D:/UnrealStuff/FPSTest/Content/PickupContent/Ammo/AmmoExplosiveLarge1.uexp" 941
"D:/UnrealStuff/FPSTest/Content/PickupContent/Ammo/AmmoExplosiveLarge.ubulk" 942
"D:/UnrealStuff/FPSTest/Content/PickupContent/Ammo/AmmoExplosiveLarge.uasset" 943
"D:/UnrealStuff/FPSTest/Content/PickupContent/Ammo/AmmoExplosiveLarge.uexp" 944
"D:/UnrealStuff/FPSTest/Content/LevelPrototyping/Textures/T_GridChecker_A.ubulk" 945
"D:/UnrealStuff/FPSTest/Content/LevelPrototyping/Textures/T_GridChecker_A.uasset" 946
"D:/UnrealStuff/FPSTest/Content/LevelPrototyping/Textures/T_GridChecker_A.uexp" 947
"../../../Engine/Content/Functions/Engine_MaterialFunctions02/Utility/MakeFloat3.uasset" 948
"../../../Engine/Content/Functions/Engine_MaterialFunctions02/Utility/MakeFloat3.uexp" 949
"../../../Engine/Content/Functions/Engine_MaterialFunctions02/Utility/BreakOutFloat3Components.uasset" 950
"../../../Engine/Content/Functions/Engine_MaterialFunctions02/Utility/BreakOutFloat3Components.uexp" 951
"D:/UnrealStuff/FPSTest/Content/LevelPrototyping/Materials/MF_ProcGrid.uasset" 952
"D:/UnrealStuff/FPSTest/Content/LevelPrototyping/Materials/MF_ProcGrid.uexp" 953
"D:/UnrealStuff/FPSTest/Content/LevelPrototyping/Materials/M_PrototypeGrid.uasset" 954
"D:/UnrealStuff/FPSTest/Content/LevelPrototyping/Materials/M_PrototypeGrid.uexp" 955
"D:/UnrealStuff/FPSTest/Content/LevelPrototyping/Materials/MI_PrototypeGrid_Gray.uasset" 956
"D:/UnrealStuff/FPSTest/Content/LevelPrototyping/Materials/MI_PrototypeGrid_Gray.uexp" 957
"D:/UnrealStuff/FPSTest/Content/LevelPrototyping/Meshes/SM_Cylinder.ubulk" 958
"D:/UnrealStuff/FPSTest/Content/LevelPrototyping/Meshes/SM_Cylinder.uasset" 959
"D:/UnrealStuff/FPSTest/Content/LevelPrototyping/Meshes/SM_Cylinder.uexp" 960
"D:/UnrealStuff/FPSTest/Content/LevelPrototyping/Materials/MI_PrototypeGrid_Gray_02.uasset" 961
"D:/UnrealStuff/FPSTest/Content/LevelPrototyping/Materials/MI_PrototypeGrid_Gray_02.uexp" 962
"D:/UnrealStuff/FPSTest/Content/InteractableContent/MetalDoorSingular/StaticMesh_SingleDoor.ubulk" 963
"D:/UnrealStuff/FPSTest/Content/InteractableContent/MetalDoorSingular/StaticMesh_SingleDoor.uasset" 964
"D:/UnrealStuff/FPSTest/Content/InteractableContent/MetalDoorSingular/StaticMesh_SingleDoor.uexp" 965
"D:/UnrealStuff/FPSTest/Content/InteractableContent/MetalDoorDouble/tx_doorwide_bottom_png.uasset" 966
"D:/UnrealStuff/FPSTest/Content/InteractableContent/MetalDoorDouble/tx_doorwide_bottom_png.uexp" 967
"D:/UnrealStuff/FPSTest/Content/InteractableContent/MetalDoorDouble/metaldoor_double_material_0.uasset" 968
"D:/UnrealStuff/FPSTest/Content/InteractableContent/MetalDoorDouble/metaldoor_double_material_0.uexp" 969
"D:/UnrealStuff/FPSTest/Content/InteractableContent/MetalDoorDouble/tx_doorwide_main_png.ubulk" 970
"D:/UnrealStuff/FPSTest/Content/InteractableContent/MetalDoorDouble/tx_doorwide_main_png.uasset" 971
"D:/UnrealStuff/FPSTest/Content/InteractableContent/MetalDoorDouble/tx_doorwide_main_png.uexp" 972
"D:/UnrealStuff/FPSTest/Content/InteractableContent/MetalDoorDouble/metaldoor_double_material_1.uasset" 973
"D:/UnrealStuff/FPSTest/Content/InteractableContent/MetalDoorDouble/metaldoor_double_material_1.uexp" 974
"D:/UnrealStuff/FPSTest/Content/InteractableContent/MetalDoorDouble/StaticMesh_DoubleDoor.ubulk" 975
"D:/UnrealStuff/FPSTest/Content/InteractableContent/MetalDoorDouble/StaticMesh_DoubleDoor.uasset" 976
"D:/UnrealStuff/FPSTest/Content/InteractableContent/MetalDoorDouble/StaticMesh_DoubleDoor.uexp" 977
"D:/UnrealStuff/FPSTest/Content/InteractableContent/MetalDoorDouble/metaldoor_double_Skeleton.uasset" 978
"D:/UnrealStuff/FPSTest/Content/InteractableContent/MetalDoorDouble/metaldoor_double_Skeleton.uexp" 979
"D:/UnrealStuff/FPSTest/Content/InteractableContent/MetalDoorDouble/close.uasset" 980
"D:/UnrealStuff/FPSTest/Content/InteractableContent/MetalDoorDouble/close.uexp" 981
"D:/UnrealStuff/FPSTest/Content/InteractableContent/MetalDoorDouble/anim_doubledoor_open.uasset" 982
"D:/UnrealStuff/FPSTest/Content/InteractableContent/MetalDoorDouble/anim_doubledoor_open.uexp" 983
"D:/UnrealStuff/FPSTest/Content/FPWeapon/Mesh/SK_FPGun_PhysicsAsset.uasset" 984
"D:/UnrealStuff/FPSTest/Content/FPWeapon/Mesh/SK_FPGun_PhysicsAsset.uexp" 985
"D:/UnrealStuff/FPSTest/Content/FirstPerson/Maps/FirstPersonMap_BuiltData.ubulk" 986
"D:/UnrealStuff/FPSTest/Content/FirstPerson/Maps/FirstPersonMap_BuiltData.uasset" 987
"D:/UnrealStuff/FPSTest/Content/FirstPerson/Maps/FirstPersonMap_BuiltData.uexp" 988
"../../../Engine/Content/MobileResources/HUD/VirtualJoystick_Background.uasset" 989
"../../../Engine/Content/MobileResources/HUD/VirtualJoystick_Background.uexp" 990
"../../../Engine/Content/MobileResources/HUD/VirtualJoystick_Thumb.uasset" 991
"../../../Engine/Content/MobileResources/HUD/VirtualJoystick_Thumb.uexp" 992
"D:/UnrealStuff/FPSTest/Content/FirstPerson/Input/MobileControls.uasset" 993
"D:/UnrealStuff/FPSTest/Content/FirstPerson/Input/MobileControls.uexp" 994
"D:/UnrealStuff/FPSTest/Content/FPWeapon/Mesh/SK_FPGun_Skeleton.uasset" 995
"D:/UnrealStuff/FPSTest/Content/FPWeapon/Mesh/SK_FPGun_Skeleton.uexp" 996
"D:/UnrealStuff/FPSTest/Content/FPWeapon/Materials/MaterialLayers/T_ML_Rubber_Blue_01_D.ubulk" 997
"D:/UnrealStuff/FPSTest/Content/FPWeapon/Materials/MaterialLayers/T_ML_Rubber_Blue_01_D.uasset" 998
"D:/UnrealStuff/FPSTest/Content/FPWeapon/Materials/MaterialLayers/T_ML_Rubber_Blue_01_D.uexp" 999
"D:/UnrealStuff/FPSTest/Content/FPWeapon/Textures/T_FPGun_N.ubulk" 1000
"D:/UnrealStuff/FPSTest/Content/FPWeapon/Textures/T_FPGun_N.uasset" 1001
"D:/UnrealStuff/FPSTest/Content/FPWeapon/Textures/T_FPGun_N.uexp" 1002
"../../../Engine/Content/Functions/MaterialLayerFunctions/MatLayerBlend_NormalBlend.uasset" 1003
"../../../Engine/Content/Functions/MaterialLayerFunctions/MatLayerBlend_NormalBlend.uexp" 1004
"D:/UnrealStuff/FPSTest/Content/FPWeapon/Materials/MaterialLayers/T_ML_Rubber_Blue_01_N.ubulk" 1005
"D:/UnrealStuff/FPSTest/Content/FPWeapon/Materials/MaterialLayers/T_ML_Rubber_Blue_01_N.uasset" 1006
"D:/UnrealStuff/FPSTest/Content/FPWeapon/Materials/MaterialLayers/T_ML_Rubber_Blue_01_N.uexp" 1007
"D:/UnrealStuff/FPSTest/Content/FPWeapon/Materials/MaterialLayers/ML_Screen.uasset" 1008
"D:/UnrealStuff/FPSTest/Content/FPWeapon/Materials/MaterialLayers/ML_Screen.uexp" 1009
"D:/UnrealStuff/FPSTest/Content/FPWeapon/Materials/MaterialLayers/T_ML_Aluminum01_N.ubulk" 1010
"D:/UnrealStuff/FPSTest/Content/FPWeapon/Materials/MaterialLayers/T_ML_Aluminum01_N.uasset" 1011
"D:/UnrealStuff/FPSTest/Content/FPWeapon/Materials/MaterialLayers/T_ML_Aluminum01_N.uexp" 1012
"D:/UnrealStuff/FPSTest/Content/FPWeapon/Materials/MaterialLayers/T_ML_Aluminum01.ubulk" 1013
"D:/UnrealStuff/FPSTest/Content/FPWeapon/Materials/MaterialLayers/T_ML_Aluminum01.uasset" 1014
"D:/UnrealStuff/FPSTest/Content/FPWeapon/Materials/MaterialLayers/T_ML_Aluminum01.uexp" 1015
"D:/UnrealStuff/FPSTest/Content/FPWeapon/Materials/MaterialLayers/ML_SoftMetal_UE4.uasset" 1016
"D:/UnrealStuff/FPSTest/Content/FPWeapon/Materials/MaterialLayers/ML_SoftMetal_UE4.uexp" 1017
"../../../Engine/Content/Functions/MaterialLayerFunctions/MatLayerBlend_Simple.uasset" 1018
"../../../Engine/Content/Functions/MaterialLayerFunctions/MatLayerBlend_Simple.uexp" 1019
"D:/UnrealStuff/FPSTest/Content/FPWeapon/Textures/T_FPGun_M.ubulk" 1020
"D:/UnrealStuff/FPSTest/Content/FPWeapon/Textures/T_FPGun_M.uasset" 1021
"D:/UnrealStuff/FPSTest/Content/FPWeapon/Textures/T_FPGun_M.uexp" 1022
"D:/UnrealStuff/FPSTest/Content/FPWeapon/Materials/MaterialLayers/ML_Plastic_Shiny_Beige.uasset" 1023
"D:/UnrealStuff/FPSTest/Content/FPWeapon/Materials/MaterialLayers/ML_Plastic_Shiny_Beige.uexp" 1024
"D:/UnrealStuff/FPSTest/Content/FPWeapon/Materials/MaterialLayers/ML_GlossyBlack_Latex_UE4.uasset" 1025
"D:/UnrealStuff/FPSTest/Content/FPWeapon/Materials/MaterialLayers/ML_GlossyBlack_Latex_UE4.uexp" 1026
"D:/UnrealStuff/FPSTest/Content/FPWeapon/Materials/M_FPGun.uasset" 1027
"D:/UnrealStuff/FPSTest/Content/FPWeapon/Materials/M_FPGun.uexp" 1028
"D:/UnrealStuff/FPSTest/Content/FPWeapon/Mesh/SK_FPGun_Physics.uasset" 1029
"D:/UnrealStuff/FPSTest/Content/FPWeapon/Mesh/SK_FPGun_Physics.uexp" 1030
"D:/UnrealStuff/FPSTest/Content/FPWeapon/Mesh/SK_FPGun.uasset" 1031
"D:/UnrealStuff/FPSTest/Content/FPWeapon/Mesh/SK_FPGun.uexp" 1032
"D:/UnrealStuff/FPSTest/Content/FPWeapon/Audio/FirstPersonTemplateWeaponFire02.ubulk" 1033
"D:/UnrealStuff/FPSTest/Content/FPWeapon/Audio/FirstPersonTemplateWeaponFire02.uasset" 1034
"D:/UnrealStuff/FPSTest/Content/FPWeapon/Audio/FirstPersonTemplateWeaponFire02.uexp" 1035
"D:/UnrealStuff/FPSTest/Content/FPWeapon/Materials/BaseMaterial.uasset" 1036
"D:/UnrealStuff/FPSTest/Content/FPWeapon/Materials/BaseMaterial.uexp" 1037
"D:/UnrealStuff/FPSTest/Content/FPWeapon/Materials/FirstPersonProjectileMaterial.uasset" 1038
"D:/UnrealStuff/FPSTest/Content/FPWeapon/Materials/FirstPersonProjectileMaterial.uexp" 1039
"D:/UnrealStuff/FPSTest/Content/FPWeapon/Mesh/FirstPersonProjectileMesh.ubulk" 1040
"D:/UnrealStuff/FPSTest/Content/FPWeapon/Mesh/FirstPersonProjectileMesh.uasset" 1041
"D:/UnrealStuff/FPSTest/Content/FPWeapon/Mesh/FirstPersonProjectileMesh.uexp" 1042
"D:/UnrealStuff/FPSTest/Content/FirstPerson/Blueprints/BP_FirstPersonProjectile.uasset" 1043
"D:/UnrealStuff/FPSTest/Content/FirstPerson/Blueprints/BP_FirstPersonProjectile.uexp" 1044
"D:/UnrealStuff/FPSTest/Content/FirstPersonArms/Animations/FP_Rifle_Fire.uasset" 1045
"D:/UnrealStuff/FPSTest/Content/FirstPersonArms/Animations/FP_Rifle_Fire.uexp" 1046
"D:/UnrealStuff/FPSTest/Content/FirstPersonArms/Animations/FP_Rifle_Shoot_Montage.uasset" 1047
"D:/UnrealStuff/FPSTest/Content/FirstPersonArms/Animations/FP_Rifle_Shoot_Montage.uexp" 1048
"D:/UnrealStuff/FPSTest/Content/FirstPerson/Blueprints/BP_Weapon_Component.uasset" 1049
"D:/UnrealStuff/FPSTest/Content/FirstPerson/Blueprints/BP_Weapon_Component.uexp" 1050
"D:/UnrealStuff/FPSTest/Content/FirstPerson/Blueprints/BP_Pickup_Rifle.uasset" 1051
"D:/UnrealStuff/FPSTest/Content/FirstPerson/Blueprints/BP_Pickup_Rifle.uexp" 1052
"D:/UnrealStuff/FPSTest/Content/EnemyContent/ChaosSoldier/Material_1.uasset" 1053
"D:/UnrealStuff/FPSTest/Content/EnemyContent/ChaosSoldier/Material_1.uexp" 1054
"D:/UnrealStuff/FPSTest/Content/EnemyContent/ChaosSoldier/Material_0.uasset" 1055
"D:/UnrealStuff/FPSTest/Content/EnemyContent/ChaosSoldier/Material_0.uexp" 1056
"D:/UnrealStuff/FPSTest/Content/EnemyContent/Chaosmancer/chaosmancer_Skeleton.uasset" 1057
"D:/UnrealStuff/FPSTest/Content/EnemyContent/Chaosmancer/chaosmancer_Skeleton.uexp" 1058
"D:/UnrealStuff/FPSTest/Content/EnemyContent/Chaosmancer/attack.uasset" 1059
"D:/UnrealStuff/FPSTest/Content/EnemyContent/Chaosmancer/attack.uexp" 1060
"D:/UnrealStuff/FPSTest/Content/EnemyContent/Chaosmancer/chaosmancer_attack_Montage.uasset" 1061
"D:/UnrealStuff/FPSTest/Content/EnemyContent/Chaosmancer/chaosmancer_attack_Montage.uexp" 1062
"D:/UnrealStuff/FPSTest/Content/FPWeapon/Materials/MaterialLayers/T_ML_FineRubber.ubulk" 1063
"D:/UnrealStuff/FPSTest/Content/FPWeapon/Materials/MaterialLayers/T_ML_FineRubber.uasset" 1064
"D:/UnrealStuff/FPSTest/Content/FPWeapon/Materials/MaterialLayers/T_ML_FineRubber.uexp" 1065
"../../../Engine/Plugins/Interchange/Runtime/Content/Pipelines/DefaultTexturePipeline.uasset" 1066
"../../../Engine/Plugins/Interchange/Runtime/Content/Pipelines/DefaultTexturePipeline.uexp" 1067
"../../../Engine/Plugins/Interchange/Runtime/Content/Pipelines/DefaultSceneLevelPipeline.uasset" 1068
"../../../Engine/Plugins/Interchange/Runtime/Content/Pipelines/DefaultSceneLevelPipeline.uexp" 1069
"../../../Engine/Plugins/Interchange/Runtime/Content/Pipelines/DefaultSceneAssetsPipeline.uasset" 1070
"../../../Engine/Plugins/Interchange/Runtime/Content/Pipelines/DefaultSceneAssetsPipeline.uexp" 1071
"../../../Engine/Plugins/Interchange/Runtime/Content/Pipelines/DefaultMaterialXPipeline.uasset" 1072
"../../../Engine/Plugins/Interchange/Runtime/Content/Pipelines/DefaultMaterialXPipeline.uexp" 1073
"../../../Engine/Plugins/Interchange/Runtime/Content/Pipelines/DefaultMaterialPipeline.uasset" 1074
"../../../Engine/Plugins/Interchange/Runtime/Content/Pipelines/DefaultMaterialPipeline.uexp" 1075
"../../../Engine/Plugins/Interchange/Runtime/Content/Pipelines/DefaultGLTFSceneAssetsPipeline.uasset" 1076
"../../../Engine/Plugins/Interchange/Runtime/Content/Pipelines/DefaultGLTFSceneAssetsPipeline.uexp" 1077
"../../../Engine/Plugins/Interchange/Runtime/Content/Pipelines/DefaultGLTFPipeline.uasset" 1078
"../../../Engine/Plugins/Interchange/Runtime/Content/Pipelines/DefaultGLTFPipeline.uexp" 1079
"../../../Engine/Plugins/Interchange/Runtime/Content/Pipelines/DefaultGLTFAssetsPipeline.uasset" 1080
"../../../Engine/Plugins/Interchange/Runtime/Content/Pipelines/DefaultGLTFAssetsPipeline.uexp" 1081
"../../../Engine/Plugins/Interchange/Runtime/Content/Pipelines/DefaultAssetsPipeline.uasset" 1082
"../../../Engine/Plugins/Interchange/Runtime/Content/Pipelines/DefaultAssetsPipeline.uexp" 1083
"../../../Engine/Plugins/Interchange/Runtime/Content/gltf/MaterialFunctions/MF_RotateV2.uasset" 1084
"../../../Engine/Plugins/Interchange/Runtime/Content/gltf/MaterialFunctions/MF_RotateV2.uexp" 1085
"../../../Engine/Plugins/Interchange/Runtime/Content/gltf/MaterialFunctions/MF_TransformUVs.uasset" 1086
"../../../Engine/Plugins/Interchange/Runtime/Content/gltf/MaterialFunctions/MF_TransformUVs.uexp" 1087
"../../../Engine/Plugins/Interchange/Runtime/Content/gltf/Textures/T_White_srgb.uasset" 1088
"../../../Engine/Plugins/Interchange/Runtime/Content/gltf/Textures/T_White_srgb.uexp" 1089
"../../../Engine/Plugins/Interchange/Runtime/Content/gltf/MaterialFunctions/MF_BaseColor.uasset" 1090
"../../../Engine/Plugins/Interchange/Runtime/Content/gltf/MaterialFunctions/MF_BaseColor.uexp" 1091
"../../../Engine/Plugins/Interchange/Runtime/Content/gltf/MaterialBodies/MF_Unlit_Body.uasset" 1092
"../../../Engine/Plugins/Interchange/Runtime/Content/gltf/MaterialBodies/MF_Unlit_Body.uexp" 1093
"../../../Engine/Plugins/Interchange/Runtime/Content/gltf/M_Unlit.uasset" 1094
"../../../Engine/Plugins/Interchange/Runtime/Content/gltf/M_Unlit.uexp" 1095
"../../../Engine/Plugins/Interchange/Runtime/Content/gltf/MaterialInstances/MI_Unlit_Opaque_DS.uasset" 1096
"../../../Engine/Plugins/Interchange/Runtime/Content/gltf/MaterialInstances/MI_Unlit_Opaque_DS.uexp" 1097
"../../../Engine/Plugins/Interchange/Runtime/Content/gltf/MaterialInstances/MI_Unlit_Opaque.uasset" 1098
"../../../Engine/Plugins/Interchange/Runtime/Content/gltf/MaterialInstances/MI_Unlit_Opaque.uexp" 1099
"../../../Engine/Plugins/Interchange/Runtime/Content/gltf/MaterialInstances/MI_Unlit_Mask_DS.uasset" 1100
"../../../Engine/Plugins/Interchange/Runtime/Content/gltf/MaterialInstances/MI_Unlit_Mask_DS.uexp" 1101
"../../../Engine/Plugins/Interchange/Runtime/Content/gltf/MaterialInstances/MI_Unlit_Mask.uasset" 1102
"../../../Engine/Plugins/Interchange/Runtime/Content/gltf/MaterialInstances/MI_Unlit_Mask.uexp" 1103
"../../../Engine/Plugins/Interchange/Runtime/Content/gltf/MaterialInstances/MI_Unlit_Blend_DS.uasset" 1104
"../../../Engine/Plugins/Interchange/Runtime/Content/gltf/MaterialInstances/MI_Unlit_Blend_DS.uexp" 1105
"../../../Engine/Plugins/Interchange/Runtime/Content/gltf/MaterialInstances/MI_Unlit_Blend.uasset" 1106
"../../../Engine/Plugins/Interchange/Runtime/Content/gltf/MaterialInstances/MI_Unlit_Blend.uexp" 1107
"../../../Engine/Content/Functions/Engine_MaterialFunctions02/Math/Transform3x3Matrix.uasset" 1108
"../../../Engine/Content/Functions/Engine_MaterialFunctions02/Math/Transform3x3Matrix.uexp" 1109
"../../../Engine/Content/Functions/Engine_MaterialFunctions02/Utility/CameraDirectionVector.uasset" 1110
"../../../Engine/Content/Functions/Engine_MaterialFunctions02/Utility/CameraDirectionVector.uexp" 1111
"../../../Engine/Plugins/Interchange/Runtime/Content/Utilities/New_LUT.uasset" 1112
"../../../Engine/Plugins/Interchange/Runtime/Content/Utilities/New_LUT.uexp" 1113
"../../../Engine/Content/Functions/Engine_MaterialFunctions03/Math/RemapValueRange.uasset" 1114
"../../../Engine/Content/Functions/Engine_MaterialFunctions03/Math/RemapValueRange.uexp" 1115
"../../../Engine/Plugins/Interchange/Runtime/Content/Functions/MF_Iridescence.uasset" 1116
"../../../Engine/Plugins/Interchange/Runtime/Content/Functions/MF_Iridescence.uexp" 1117
"../../../Engine/Plugins/Interchange/Runtime/Content/gltf/MaterialFunctions/MF_Iridescence.uasset" 1118
"../../../Engine/Plugins/Interchange/Runtime/Content/gltf/MaterialFunctions/MF_Iridescence.uexp" 1119
"../../../Engine/Plugins/Interchange/Runtime/Content/gltf/Textures/T_White_Linear.uasset" 1120
"../../../Engine/Plugins/Interchange/Runtime/Content/gltf/Textures/T_White_Linear.uexp" 1121
"../../../Engine/Plugins/Interchange/Runtime/Content/gltf/MaterialFunctions/MF_MetallicRoughness.uasset" 1122
"../../../Engine/Plugins/Interchange/Runtime/Content/gltf/MaterialFunctions/MF_MetallicRoughness.uexp" 1123
"../../../Engine/Plugins/Interchange/Runtime/Content/gltf/MaterialFunctions/MF_Transmission.uasset" 1124
"../../../Engine/Plugins/Interchange/Runtime/Content/gltf/MaterialFunctions/MF_Transmission.uexp" 1125
"../../../Engine/Plugins/Interchange/Runtime/Content/gltf/MaterialFunctions/MF_Occlusion.uasset" 1126
"../../../Engine/Plugins/Interchange/Runtime/Content/gltf/MaterialFunctions/MF_Occlusion.uexp" 1127
"../../../Engine/Content/EngineMaterials/Good64x64TilingNoiseHighFreq.uasset" 1128
"../../../Engine/Content/EngineMaterials/Good64x64TilingNoiseHighFreq.uexp" 1129
"../../../Engine/Content/Functions/Engine_MaterialFunctions02/Texturing/ScreenAlignedPixelToPixelUVs.uasset" 1130
"../../../Engine/Content/Functions/Engine_MaterialFunctions02/Texturing/ScreenAlignedPixelToPixelUVs.uexp" 1131
"../../../Engine/Plugins/Interchange/Runtime/Content/gltf/MaterialFunctions/MF_Temporal_Blur.uasset" 1132
"../../../Engine/Plugins/Interchange/Runtime/Content/gltf/MaterialFunctions/MF_Temporal_Blur.uexp" 1133
"../../../Engine/Plugins/Interchange/Runtime/Content/gltf/MaterialFunctions/MF_Specular.uasset" 1134
"../../../Engine/Plugins/Interchange/Runtime/Content/gltf/MaterialFunctions/MF_Specular.uexp" 1135
"../../../Engine/Plugins/Interchange/Runtime/Content/gltf/MaterialFunctions/MF_IOR.uasset" 1136
"../../../Engine/Plugins/Interchange/Runtime/Content/gltf/MaterialFunctions/MF_IOR.uexp" 1137
"../../../Engine/Plugins/Interchange/Runtime/Content/gltf/MaterialFunctions/MF_Fresnel_DS.uasset" 1138
"../../../Engine/Plugins/Interchange/Runtime/Content/gltf/MaterialFunctions/MF_Fresnel_DS.uexp" 1139
"../../../Engine/Plugins/Interchange/Runtime/Content/gltf/MaterialFunctions/MF_RotateNormals_TS.uasset" 1140
"../../../Engine/Plugins/Interchange/Runtime/Content/gltf/MaterialFunctions/MF_RotateNormals_TS.uexp" 1141
"../../../Engine/Plugins/Interchange/Runtime/Content/gltf/Textures/T_Generic_N.uasset" 1142
"../../../Engine/Plugins/Interchange/Runtime/Content/gltf/Textures/T_Generic_N.uexp" 1143
"../../../Engine/Plugins/Interchange/Runtime/Content/gltf/MaterialFunctions/MF_Normals.uasset" 1144
"../../../Engine/Plugins/Interchange/Runtime/Content/gltf/MaterialFunctions/MF_Normals.uexp" 1145
"../../../Engine/Plugins/Interchange/Runtime/Content/gltf/MaterialBodies/MF_Transmission_Body.uasset" 1146
"../../../Engine/Plugins/Interchange/Runtime/Content/gltf/MaterialBodies/MF_Transmission_Body.uexp" 1147
"../../../Engine/Plugins/Interchange/Runtime/Content/gltf/M_Transmission.uasset" 1148
"../../../Engine/Plugins/Interchange/Runtime/Content/gltf/M_Transmission.uexp" 1149
"../../../Engine/Plugins/Interchange/Runtime/Content/gltf/MaterialInstances/MI_Transmission_DS.uasset" 1150
"../../../Engine/Plugins/Interchange/Runtime/Content/gltf/MaterialInstances/MI_Transmission_DS.uexp" 1151
"../../../Engine/Plugins/Interchange/Runtime/Content/gltf/MaterialInstances/MI_Transmission.uasset" 1152
"../../../Engine/Plugins/Interchange/Runtime/Content/gltf/MaterialInstances/MI_Transmission.uexp" 1153
"../../../Engine/Plugins/Interchange/Runtime/Content/gltf/MaterialFunctions/MF_DiffuseSpecGloss.uasset" 1154
"../../../Engine/Plugins/Interchange/Runtime/Content/gltf/MaterialFunctions/MF_DiffuseSpecGloss.uexp" 1155
"../../../Engine/Content/Functions/Engine_MaterialFunctions02/Math/AddComponents.uasset" 1156
"../../../Engine/Content/Functions/Engine_MaterialFunctions02/Math/AddComponents.uexp" 1157
"../../../Engine/Plugins/Interchange/Runtime/Content/gltf/MaterialFunctions/MF_PerceivedBrightness.uasset" 1158
"../../../Engine/Plugins/Interchange/Runtime/Content/gltf/MaterialFunctions/MF_PerceivedBrightness.uexp" 1159
"../../../Engine/Plugins/Interchange/Runtime/Content/gltf/MaterialFunctions/MF_Emissive.uasset" 1160
"../../../Engine/Plugins/Interchange/Runtime/Content/gltf/MaterialFunctions/MF_Emissive.uexp" 1161
"../../../Engine/Plugins/Interchange/Runtime/Content/gltf/MaterialFunctions/MF_SpecGlossToMetalRoughness.uasset" 1162
"../../../Engine/Plugins/Interchange/Runtime/Content/gltf/MaterialFunctions/MF_SpecGlossToMetalRoughness.uexp" 1163
"../../../Engine/Plugins/Interchange/Runtime/Content/gltf/MaterialBodies/MF_SpecularGlossiness_Body.uasset" 1164
"../../../Engine/Plugins/Interchange/Runtime/Content/gltf/MaterialBodies/MF_SpecularGlossiness_Body.uexp" 1165
"../../../Engine/Plugins/Interchange/Runtime/Content/gltf/M_SpecularGlossiness.uasset" 1166
"../../../Engine/Plugins/Interchange/Runtime/Content/gltf/M_SpecularGlossiness.uexp" 1167
"../../../Engine/Plugins/Interchange/Runtime/Content/gltf/MaterialInstances/MI_SpecularGlossiness_Opaque_DS.uasset" 1168
"../../../Engine/Plugins/Interchange/Runtime/Content/gltf/MaterialInstances/MI_SpecularGlossiness_Opaque_DS.uexp" 1169
"../../../Engine/Plugins/Interchange/Runtime/Content/gltf/MaterialInstances/MI_SpecularGlossiness_Opaque.uasset" 1170
"../../../Engine/Plugins/Interchange/Runtime/Content/gltf/MaterialInstances/MI_SpecularGlossiness_Opaque.uexp" 1171
"../../../Engine/Plugins/Interchange/Runtime/Content/gltf/MaterialInstances/MI_SpecularGlossiness_Mask_DS.uasset" 1172
"../../../Engine/Plugins/Interchange/Runtime/Content/gltf/MaterialInstances/MI_SpecularGlossiness_Mask_DS.uexp" 1173
"../../../Engine/Plugins/Interchange/Runtime/Content/gltf/MaterialInstances/MI_SpecularGlossiness_Mask.uasset" 1174
"../../../Engine/Plugins/Interchange/Runtime/Content/gltf/MaterialInstances/MI_SpecularGlossiness_Mask.uexp" 1175
"../../../Engine/Plugins/Interchange/Runtime/Content/gltf/MaterialInstances/MI_SpecularGlossiness_Blend_DS.uasset" 1176
"../../../Engine/Plugins/Interchange/Runtime/Content/gltf/MaterialInstances/MI_SpecularGlossiness_Blend_DS.uexp" 1177
"../../../Engine/Plugins/Interchange/Runtime/Content/gltf/MaterialInstances/MI_SpecularGlossiness_Blend.uasset" 1178
"../../../Engine/Plugins/Interchange/Runtime/Content/gltf/MaterialInstances/MI_SpecularGlossiness_Blend.uexp" 1179
"../../../Engine/Plugins/Interchange/Runtime/Content/gltf/MaterialFunctions/MF_Sheen.uasset" 1180
"../../../Engine/Plugins/Interchange/Runtime/Content/gltf/MaterialFunctions/MF_Sheen.uexp" 1181
"../../../Engine/Plugins/Interchange/Runtime/Content/gltf/MaterialBodies/MF_Sheen_Body.uasset" 1182
"../../../Engine/Plugins/Interchange/Runtime/Content/gltf/MaterialBodies/MF_Sheen_Body.uexp" 1183
"../../../Engine/Plugins/Interchange/Runtime/Content/gltf/M_Sheen.uasset" 1184
"../../../Engine/Plugins/Interchange/Runtime/Content/gltf/M_Sheen.uexp" 1185
"../../../Engine/Plugins/Interchange/Runtime/Content/gltf/MaterialInstances/MI_Sheen_Opaque_DS.uasset" 1186
"../../../Engine/Plugins/Interchange/Runtime/Content/gltf/MaterialInstances/MI_Sheen_Opaque_DS.uexp" 1187
"../../../Engine/Plugins/Interchange/Runtime/Content/gltf/MaterialInstances/MI_Sheen_Opaque.uasset" 1188
"../../../Engine/Plugins/Interchange/Runtime/Content/gltf/MaterialInstances/MI_Sheen_Opaque.uexp" 1189
"../../../Engine/Plugins/Interchange/Runtime/Content/gltf/MaterialInstances/MI_Sheen_Mask_DS.uasset" 1190
"../../../Engine/Plugins/Interchange/Runtime/Content/gltf/MaterialInstances/MI_Sheen_Mask_DS.uexp" 1191
"../../../Engine/Plugins/Interchange/Runtime/Content/gltf/MaterialInstances/MI_Sheen_Mask.uasset" 1192
"../../../Engine/Plugins/Interchange/Runtime/Content/gltf/MaterialInstances/MI_Sheen_Mask.uexp" 1193
"../../../Engine/Plugins/Interchange/Runtime/Content/gltf/MaterialInstances/MI_Sheen_Blend_DS.uasset" 1194
"../../../Engine/Plugins/Interchange/Runtime/Content/gltf/MaterialInstances/MI_Sheen_Blend_DS.uexp" 1195
"../../../Engine/Plugins/Interchange/Runtime/Content/gltf/MaterialInstances/MI_Sheen_Blend.uasset" 1196
"../../../Engine/Plugins/Interchange/Runtime/Content/gltf/MaterialInstances/MI_Sheen_Blend.uexp" 1197
"../../../Engine/Plugins/Interchange/Runtime/Content/gltf/MaterialBodies/MF_Default_Body.uasset" 1198
"../../../Engine/Plugins/Interchange/Runtime/Content/gltf/MaterialBodies/MF_Default_Body.uexp" 1199
"../../../Engine/Plugins/Interchange/Runtime/Content/gltf/M_Default.uasset" 1200
"../../../Engine/Plugins/Interchange/Runtime/Content/gltf/M_Default.uexp" 1201
"../../../Engine/Plugins/Interchange/Runtime/Content/gltf/MaterialInstances/MI_Default_Opaque_DS.uasset" 1202
"../../../Engine/Plugins/Interchange/Runtime/Content/gltf/MaterialInstances/MI_Default_Opaque_DS.uexp" 1203
"../../../Engine/Plugins/Interchange/Runtime/Content/gltf/MaterialInstances/MI_Default_Opaque.uasset" 1204
"../../../Engine/Plugins/Interchange/Runtime/Content/gltf/MaterialInstances/MI_Default_Opaque.uexp" 1205
"../../../Engine/Plugins/Interchange/Runtime/Content/gltf/MaterialInstances/MI_Default_Mask_DS.uasset" 1206
"../../../Engine/Plugins/Interchange/Runtime/Content/gltf/MaterialInstances/MI_Default_Mask_DS.uexp" 1207
"../../../Engine/Plugins/Interchange/Runtime/Content/gltf/MaterialInstances/MI_Default_Mask.uasset" 1208
"../../../Engine/Plugins/Interchange/Runtime/Content/gltf/MaterialInstances/MI_Default_Mask.uexp" 1209
"../../../Engine/Plugins/Interchange/Runtime/Content/gltf/MaterialInstances/MI_Default_Blend_DS.uasset" 1210
"../../../Engine/Plugins/Interchange/Runtime/Content/gltf/MaterialInstances/MI_Default_Blend_DS.uexp" 1211
"../../../Engine/Plugins/Interchange/Runtime/Content/gltf/MaterialInstances/MI_Default_Blend.uasset" 1212
"../../../Engine/Plugins/Interchange/Runtime/Content/gltf/MaterialInstances/MI_Default_Blend.uexp" 1213
"../../../Engine/Content/Functions/Engine_MaterialFunctions01/Texturing/FlattenNormal.uasset" 1214
"../../../Engine/Content/Functions/Engine_MaterialFunctions01/Texturing/FlattenNormal.uexp" 1215
"../../../Engine/Plugins/Interchange/Runtime/Content/gltf/MaterialFunctions/MF_Clearcoat.uasset" 1216
"../../../Engine/Plugins/Interchange/Runtime/Content/gltf/MaterialFunctions/MF_Clearcoat.uexp" 1217
"../../../Engine/Plugins/Interchange/Runtime/Content/gltf/MaterialBodies/MF_ClearCoat_Body.uasset" 1218
"../../../Engine/Plugins/Interchange/Runtime/Content/gltf/MaterialBodies/MF_ClearCoat_Body.uexp" 1219
"../../../Engine/Plugins/Interchange/Runtime/Content/gltf/M_ClearCoat.uasset" 1220
"../../../Engine/Plugins/Interchange/Runtime/Content/gltf/M_ClearCoat.uexp" 1221
"../../../Engine/Plugins/Interchange/Runtime/Content/gltf/MaterialInstances/MI_ClearCoat_Opaque_DS.uasset" 1222
"../../../Engine/Plugins/Interchange/Runtime/Content/gltf/MaterialInstances/MI_ClearCoat_Opaque_DS.uexp" 1223
"../../../Engine/Plugins/Interchange/Runtime/Content/gltf/MaterialInstances/MI_ClearCoat_Opaque.uasset" 1224
"../../../Engine/Plugins/Interchange/Runtime/Content/gltf/MaterialInstances/MI_ClearCoat_Opaque.uexp" 1225
"../../../Engine/Plugins/Interchange/Runtime/Content/gltf/MaterialInstances/MI_ClearCoat_Mask_DS.uasset" 1226
"../../../Engine/Plugins/Interchange/Runtime/Content/gltf/MaterialInstances/MI_ClearCoat_Mask_DS.uexp" 1227
"../../../Engine/Plugins/Interchange/Runtime/Content/gltf/MaterialInstances/MI_ClearCoat_Mask.uasset" 1228
"../../../Engine/Plugins/Interchange/Runtime/Content/gltf/MaterialInstances/MI_ClearCoat_Mask.uexp" 1229
"../../../Engine/Plugins/Interchange/Runtime/Content/gltf/MaterialInstances/MI_ClearCoat_Blend_DS.uasset" 1230
"../../../Engine/Plugins/Interchange/Runtime/Content/gltf/MaterialInstances/MI_ClearCoat_Blend_DS.uexp" 1231
"../../../Engine/Plugins/Interchange/Runtime/Content/gltf/MaterialInstances/MI_ClearCoat_Blend.uasset" 1232
"../../../Engine/Plugins/Interchange/Runtime/Content/gltf/MaterialInstances/MI_ClearCoat_Blend.uexp" 1233
"../../../Engine/Plugins/Interchange/Runtime/Content/Functions/MX_UsdPreviewSurface.uasset" 1234
"../../../Engine/Plugins/Interchange/Runtime/Content/Functions/MX_UsdPreviewSurface.uexp" 1235
"../../../Engine/Plugins/Interchange/Runtime/Content/Functions/MX_UniformEDF.uasset" 1236
"../../../Engine/Plugins/Interchange/Runtime/Content/Functions/MX_UniformEDF.uexp" 1237
"../../../Engine/Plugins/Interchange/Runtime/Content/Functions/MX_TranslucentBSDF.uasset" 1238
"../../../Engine/Plugins/Interchange/Runtime/Content/Functions/MX_TranslucentBSDF.uexp" 1239
"../../../Engine/Plugins/Interchange/Runtime/Content/Functions/MX_ThinFilmBSDF.uasset" 1240
"../../../Engine/Plugins/Interchange/Runtime/Content/Functions/MX_ThinFilmBSDF.uexp" 1241
"../../../Engine/Plugins/Interchange/Runtime/Content/Functions/MX_SurfaceUnlit.uasset" 1242
"../../../Engine/Plugins/Interchange/Runtime/Content/Functions/MX_SurfaceUnlit.uexp" 1243
"../../../Engine/Plugins/Interchange/Runtime/Content/Functions/MX_Surface.uasset" 1244
"../../../Engine/Plugins/Interchange/Runtime/Content/Functions/MX_Surface.uexp" 1245
"../../../Engine/Plugins/Interchange/Runtime/Content/Functions/MX_SubsurfaceBSDF.uasset" 1246
"../../../Engine/Plugins/Interchange/Runtime/Content/Functions/MX_SubsurfaceBSDF.uexp" 1247
"../../../Engine/Plugins/Interchange/Runtime/Content/Functions/MX_SheenBSDF.uasset" 1248
"../../../Engine/Plugins/Interchange/Runtime/Content/Functions/MX_SheenBSDF.uexp" 1249
"../../../Engine/Plugins/Interchange/Runtime/Content/Functions/MX_OrenNayarBSDF.uasset" 1250
"../../../Engine/Plugins/Interchange/Runtime/Content/Functions/MX_OrenNayarBSDF.uexp" 1251
"../../../Engine/Content/Functions/Engine_MaterialFunctions01/Volumetrics/BeersLaw.uasset" 1252
"../../../Engine/Content/Functions/Engine_MaterialFunctions01/Volumetrics/BeersLaw.uexp" 1253
"../../../Engine/Plugins/Interchange/Runtime/Content/Functions/MX_Transmission.uasset" 1254
"../../../Engine/Plugins/Interchange/Runtime/Content/Functions/MX_Transmission.uexp" 1255
"../../../Engine/Plugins/Interchange/Runtime/Content/Functions/MF_OrenNayerView.uasset" 1256
"../../../Engine/Plugins/Interchange/Runtime/Content/Functions/MF_OrenNayerView.uexp" 1257
"../../../Engine/Plugins/Interchange/Runtime/Content/Functions/MF_SchlickApprox.uasset" 1258
"../../../Engine/Plugins/Interchange/Runtime/Content/Functions/MF_SchlickApprox.uexp" 1259
"../../../Engine/Plugins/Interchange/Runtime/Content/Functions/MX_StandardSurface.uasset" 1260
"../../../Engine/Plugins/Interchange/Runtime/Content/Functions/MX_StandardSurface.uexp" 1261
"../../../Engine/Plugins/Interchange/Runtime/Content/Functions/MX_TransmissionSurface.uasset" 1262
"../../../Engine/Plugins/Interchange/Runtime/Content/Functions/MX_TransmissionSurface.uexp" 1263
"../../../Engine/Plugins/Interchange/Runtime/Content/Functions/MX_OpenPBR_Translucent.uasset" 1264
"../../../Engine/Plugins/Interchange/Runtime/Content/Functions/MX_OpenPBR_Translucent.uexp" 1265
"../../../Engine/Plugins/Interchange/Runtime/Content/Functions/MX_OpenPBR_Opaque.uasset" 1266
"../../../Engine/Plugins/Interchange/Runtime/Content/Functions/MX_OpenPBR_Opaque.uexp" 1267
"../../../Engine/Plugins/Interchange/Runtime/Content/Functions/MX_MeasuredEDF.uasset" 1268
"../../../Engine/Plugins/Interchange/Runtime/Content/Functions/MX_MeasuredEDF.uexp" 1269
"../../../Engine/Plugins/Interchange/Runtime/Content/Functions/MX_GeneralizedSchlickBSDF.uasset" 1270
"../../../Engine/Plugins/Interchange/Runtime/Content/Functions/MX_GeneralizedSchlickBSDF.uexp" 1271
"../../../Engine/Plugins/Interchange/Runtime/Content/Functions/MX_DielectricBSDF.uasset" 1272
"../../../Engine/Plugins/Interchange/Runtime/Content/Functions/MX_DielectricBSDF.uexp" 1273
"../../../Engine/Plugins/Interchange/Runtime/Content/Functions/MX_ConicalEDF.uasset" 1274
"../../../Engine/Plugins/Interchange/Runtime/Content/Functions/MX_ConicalEDF.uexp" 1275
"../../../Engine/Plugins/Interchange/Runtime/Content/Functions/MX_ConductorBSDF.uasset" 1276
"../../../Engine/Plugins/Interchange/Runtime/Content/Functions/MX_ConductorBSDF.uexp" 1277
"../../../Engine/Plugins/Interchange/Runtime/Content/Functions/MX_BurleyDiffuseBSDF.uasset" 1278
"../../../Engine/Plugins/Interchange/Runtime/Content/Functions/MX_BurleyDiffuseBSDF.uexp" 1279
"../../../Engine/Plugins/Interchange/Runtime/Content/Functions/MX_AnisotropicVDF.uasset" 1280
"../../../Engine/Plugins/Interchange/Runtime/Content/Functions/MX_AnisotropicVDF.uexp" 1281
"../../../Engine/Plugins/Interchange/Runtime/Content/Functions/MX_AbsorptionVDF.uasset" 1282
"../../../Engine/Plugins/Interchange/Runtime/Content/Functions/MX_AbsorptionVDF.uexp" 1283
"../../../Engine/Plugins/Editor/SpeedTreeImporter/Content/SpeedTree9/game_wind_noise.ubulk" 1284
"../../../Engine/Plugins/Editor/SpeedTreeImporter/Content/SpeedTree9/game_wind_noise.uasset" 1285
"../../../Engine/Plugins/Editor/SpeedTreeImporter/Content/SpeedTree9/game_wind_noise.uexp" 1286
"../../../Engine/Plugins/Editor/SpeedTreeImporter/Content/SpeedTree9/UnpackDirection.uasset" 1287
"../../../Engine/Plugins/Editor/SpeedTreeImporter/Content/SpeedTree9/UnpackDirection.uexp" 1288
"../../../Engine/Content/Functions/Engine_MaterialFunctions02/ObjectLocalBounds.uasset" 1289
"../../../Engine/Content/Functions/Engine_MaterialFunctions02/ObjectLocalBounds.uexp" 1290
"../../../Engine/Content/Functions/Engine_MaterialFunctions02/UVs/BoundingBoxBased_0-1_UVW.uasset" 1291
"../../../Engine/Content/Functions/Engine_MaterialFunctions02/UVs/BoundingBoxBased_0-1_UVW.uexp" 1292
"../../../Engine/Content/Functions/Engine_MaterialFunctions02/Utility/VectorLength.uasset" 1293
"../../../Engine/Content/Functions/Engine_MaterialFunctions02/Utility/VectorLength.uexp" 1294
"../../../Engine/Plugins/Editor/SpeedTreeImporter/Content/SpeedTree9/UnpackInteger3.uasset" 1295
"../../../Engine/Plugins/Editor/SpeedTreeImporter/Content/SpeedTree9/UnpackInteger3.uexp" 1296
"../../../Engine/Plugins/Editor/SpeedTreeImporter/Content/SpeedTree9/SpeedTreeCameraFacing.uasset" 1297
"../../../Engine/Plugins/Editor/SpeedTreeImporter/Content/SpeedTree9/SpeedTreeCameraFacing.uexp" 1298
"../../../Engine/Content/Functions/Engine_MaterialFunctions02/WorldPositionOffset/ObjectScale.uasset" 1299
"../../../Engine/Content/Functions/Engine_MaterialFunctions02/WorldPositionOffset/ObjectScale.uexp" 1300
"../../../Engine/Content/Functions/Engine_MaterialFunctions02/SafeNormalize.uasset" 1301
"../../../Engine/Content/Functions/Engine_MaterialFunctions02/SafeNormalize.uexp" 1302
"../../../Engine/Plugins/Editor/SpeedTreeImporter/Content/SpeedTree9/SpeedTreeWindMotion.uasset" 1303
"../../../Engine/Plugins/Editor/SpeedTreeImporter/Content/SpeedTree9/SpeedTreeWindMotion.uexp" 1304
"../../../Engine/Plugins/Editor/SpeedTreeImporter/Content/SpeedTree9/SpeedTreeBranchMotion.uasset" 1305
"../../../Engine/Plugins/Editor/SpeedTreeImporter/Content/SpeedTree9/SpeedTreeBranchMotion.uexp" 1306
"../../../Engine/Plugins/Editor/SpeedTreeImporter/Content/SpeedTree9/SpeedTreeWind.uasset" 1307
"../../../Engine/Plugins/Editor/SpeedTreeImporter/Content/SpeedTree9/SpeedTreeWind.uexp" 1308
"../../../Engine/Plugins/Editor/SpeedTreeImporter/Content/SpeedTree9/EmptyNormal.uasset" 1309
"../../../Engine/Plugins/Editor/SpeedTreeImporter/Content/SpeedTree9/EmptyNormal.uexp" 1310
"../../../Engine/Plugins/Editor/SpeedTreeImporter/Content/SpeedTree9/Empty.uasset" 1311
"../../../Engine/Plugins/Editor/SpeedTreeImporter/Content/SpeedTree9/Empty.uexp" 1312
"../../../Engine/Plugins/Editor/SpeedTreeImporter/Content/SpeedTree9/SpeedTreeMaster.uasset" 1313
"../../../Engine/Plugins/Editor/SpeedTreeImporter/Content/SpeedTree9/SpeedTreeMaster.uexp" 1314
"../../../Engine/Plugins/Editor/SpeedTreeImporter/Content/SpeedTree9/SpeedTreeBillboard.uasset" 1315
"../../../Engine/Plugins/Editor/SpeedTreeImporter/Content/SpeedTree9/SpeedTreeBillboard.uexp" 1316
"../../../Engine/Plugins/Editor/SpeedTreeImporter/Content/SpeedTree9/SpeedTreeBillboardMaster.uasset" 1317
"../../../Engine/Plugins/Editor/SpeedTreeImporter/Content/SpeedTree9/SpeedTreeBillboardMaster.uexp" 1318
"../../../Engine/Plugins/Animation/ControlRig/Content/Controls/DefaultGizmoLibraryNormalized.uasset" 1319
"../../../Engine/Plugins/Animation/ControlRig/Content/Controls/DefaultGizmoLibraryNormalized.uexp" 1320
"../../../Engine/Plugins/Animation/ControlRig/Content/Controls/ControlRig_Wedge_solid.ubulk" 1321
"../../../Engine/Plugins/Animation/ControlRig/Content/Controls/ControlRig_Wedge_solid.uasset" 1322
"../../../Engine/Plugins/Animation/ControlRig/Content/Controls/ControlRig_Wedge_solid.uexp" 1323
"../../../Engine/Plugins/Animation/ControlRig/Content/Controls/ControlRig_Wedge_3mm.ubulk" 1324
"../../../Engine/Plugins/Animation/ControlRig/Content/Controls/ControlRig_Wedge_3mm.uasset" 1325
"../../../Engine/Plugins/Animation/ControlRig/Content/Controls/ControlRig_Wedge_3mm.uexp" 1326
"../../../Engine/Plugins/Animation/ControlRig/Content/Controls/ControlRig_Wedge_1mm.ubulk" 1327
"../../../Engine/Plugins/Animation/ControlRig/Content/Controls/ControlRig_Wedge_1mm.uasset" 1328
"../../../Engine/Plugins/Animation/ControlRig/Content/Controls/ControlRig_Wedge_1mm.uexp" 1329
"../../../Engine/Plugins/Animation/ControlRig/Content/Controls/ControlRig_Triangle_solid.ubulk" 1330
"../../../Engine/Plugins/Animation/ControlRig/Content/Controls/ControlRig_Triangle_solid.uasset" 1331
"../../../Engine/Plugins/Animation/ControlRig/Content/Controls/ControlRig_Triangle_solid.uexp" 1332
"../../../Engine/Plugins/Animation/ControlRig/Content/Controls/ControlRig_Triangle_3mm.ubulk" 1333
"../../../Engine/Plugins/Animation/ControlRig/Content/Controls/ControlRig_Triangle_3mm.uasset" 1334
"../../../Engine/Plugins/Animation/ControlRig/Content/Controls/ControlRig_Triangle_3mm.uexp" 1335
"../../../Engine/Plugins/Animation/ControlRig/Content/Controls/ControlRig_Triangle_1mm.ubulk" 1336
"../../../Engine/Plugins/Animation/ControlRig/Content/Controls/ControlRig_Triangle_1mm.uasset" 1337
"../../../Engine/Plugins/Animation/ControlRig/Content/Controls/ControlRig_Triangle_1mm.uexp" 1338
"../../../Engine/Plugins/Animation/ControlRig/Content/Controls/ControlRig_Star4_solid.ubulk" 1339
"../../../Engine/Plugins/Animation/ControlRig/Content/Controls/ControlRig_Star4_solid.uasset" 1340
"../../../Engine/Plugins/Animation/ControlRig/Content/Controls/ControlRig_Star4_solid.uexp" 1341
"../../../Engine/Plugins/Animation/ControlRig/Content/Controls/ControlRig_Star4_3mm.ubulk" 1342
"../../../Engine/Plugins/Animation/ControlRig/Content/Controls/ControlRig_Star4_3mm.uasset" 1343
"../../../Engine/Plugins/Animation/ControlRig/Content/Controls/ControlRig_Star4_3mm.uexp" 1344
"../../../Engine/Plugins/Animation/ControlRig/Content/Controls/ControlRig_Star4_1mm.ubulk" 1345
"../../../Engine/Plugins/Animation/ControlRig/Content/Controls/ControlRig_Star4_1mm.uasset" 1346
"../../../Engine/Plugins/Animation/ControlRig/Content/Controls/ControlRig_Star4_1mm.uexp" 1347
"../../../Engine/Plugins/Animation/ControlRig/Content/Controls/ControlRig_Square_solid.ubulk" 1348
"../../../Engine/Plugins/Animation/ControlRig/Content/Controls/ControlRig_Square_solid.uasset" 1349
"../../../Engine/Plugins/Animation/ControlRig/Content/Controls/ControlRig_Square_solid.uexp" 1350
"../../../Engine/Plugins/Animation/ControlRig/Content/Controls/ControlRig_Square_3mm.ubulk" 1351
"../../../Engine/Plugins/Animation/ControlRig/Content/Controls/ControlRig_Square_3mm.uasset" 1352
"../../../Engine/Plugins/Animation/ControlRig/Content/Controls/ControlRig_Square_3mm.uexp" 1353
"../../../Engine/Plugins/Animation/ControlRig/Content/Controls/ControlRig_Square_1mm.ubulk" 1354
"../../../Engine/Plugins/Animation/ControlRig/Content/Controls/ControlRig_Square_1mm.uasset" 1355
"../../../Engine/Plugins/Animation/ControlRig/Content/Controls/ControlRig_Square_1mm.uexp" 1356
"../../../Engine/Plugins/Animation/ControlRig/Content/Controls/ControlRig_Sphere_solid.ubulk" 1357
"../../../Engine/Plugins/Animation/ControlRig/Content/Controls/ControlRig_Sphere_solid.uasset" 1358
"../../../Engine/Plugins/Animation/ControlRig/Content/Controls/ControlRig_Sphere_solid.uexp" 1359
"../../../Engine/Plugins/Animation/ControlRig/Content/Controls/ControlRig_Sphere_3mm.ubulk" 1360
"../../../Engine/Plugins/Animation/ControlRig/Content/Controls/ControlRig_Sphere_3mm.uasset" 1361
"../../../Engine/Plugins/Animation/ControlRig/Content/Controls/ControlRig_Sphere_3mm.uexp" 1362
"../../../Engine/Plugins/Animation/ControlRig/Content/Controls/ControlRig_Sphere_1mm.ubulk" 1363
"../../../Engine/Plugins/Animation/ControlRig/Content/Controls/ControlRig_Sphere_1mm.uasset" 1364
"../../../Engine/Plugins/Animation/ControlRig/Content/Controls/ControlRig_Sphere_1mm.uexp" 1365
"../../../Engine/Plugins/Animation/ControlRig/Content/Controls/ControlRig_RoundedTriangle_solid.ubulk" 1366
"../../../Engine/Plugins/Animation/ControlRig/Content/Controls/ControlRig_RoundedTriangle_solid.uasset" 1367
"../../../Engine/Plugins/Animation/ControlRig/Content/Controls/ControlRig_RoundedTriangle_solid.uexp" 1368
"../../../Engine/Plugins/Animation/ControlRig/Content/Controls/ControlRig_RoundedTriangle_3mm.ubulk" 1369
"../../../Engine/Plugins/Animation/ControlRig/Content/Controls/ControlRig_RoundedTriangle_3mm.uasset" 1370
"../../../Engine/Plugins/Animation/ControlRig/Content/Controls/ControlRig_RoundedTriangle_3mm.uexp" 1371
"../../../Engine/Plugins/Animation/ControlRig/Content/Controls/ControlRig_RoundedTriangle_1mm.ubulk" 1372
"../../../Engine/Plugins/Animation/ControlRig/Content/Controls/ControlRig_RoundedTriangle_1mm.uasset" 1373
"../../../Engine/Plugins/Animation/ControlRig/Content/Controls/ControlRig_RoundedTriangle_1mm.uexp" 1374
"../../../Engine/Plugins/Animation/ControlRig/Content/Controls/ControlRig_RoundedSquare_solid.ubulk" 1375
"../../../Engine/Plugins/Animation/ControlRig/Content/Controls/ControlRig_RoundedSquare_solid.uasset" 1376
"../../../Engine/Plugins/Animation/ControlRig/Content/Controls/ControlRig_RoundedSquare_solid.uexp" 1377
"../../../Engine/Plugins/Animation/ControlRig/Content/Controls/ControlRig_RoundedSquare_3mm.ubulk" 1378
"../../../Engine/Plugins/Animation/ControlRig/Content/Controls/ControlRig_RoundedSquare_3mm.uasset" 1379
"../../../Engine/Plugins/Animation/ControlRig/Content/Controls/ControlRig_RoundedSquare_3mm.uexp" 1380
"../../../Engine/Plugins/Animation/ControlRig/Content/Controls/ControlRig_RoundedSquare_1mm.ubulk" 1381
"../../../Engine/Plugins/Animation/ControlRig/Content/Controls/ControlRig_RoundedSquare_1mm.uasset" 1382
"../../../Engine/Plugins/Animation/ControlRig/Content/Controls/ControlRig_RoundedSquare_1mm.uexp" 1383
"../../../Engine/Plugins/Animation/ControlRig/Content/Controls/ControlRig_QuarterCircle_solid.ubulk" 1384
"../../../Engine/Plugins/Animation/ControlRig/Content/Controls/ControlRig_QuarterCircle_solid.uasset" 1385
"../../../Engine/Plugins/Animation/ControlRig/Content/Controls/ControlRig_QuarterCircle_solid.uexp" 1386
"../../../Engine/Plugins/Animation/ControlRig/Content/Controls/ControlRig_QuarterCircle_3mm.ubulk" 1387
"../../../Engine/Plugins/Animation/ControlRig/Content/Controls/ControlRig_QuarterCircle_3mm.uasset" 1388
"../../../Engine/Plugins/Animation/ControlRig/Content/Controls/ControlRig_QuarterCircle_3mm.uexp" 1389
"../../../Engine/Plugins/Animation/ControlRig/Content/Controls/ControlRig_QuarterCircle_1mm.ubulk" 1390
"../../../Engine/Plugins/Animation/ControlRig/Content/Controls/ControlRig_QuarterCircle_1mm.uasset" 1391
"../../../Engine/Plugins/Animation/ControlRig/Content/Controls/ControlRig_QuarterCircle_1mm.uexp" 1392
"../../../Engine/Plugins/Animation/ControlRig/Content/Controls/ControlRig_Pyramid_solid.ubulk" 1393
"../../../Engine/Plugins/Animation/ControlRig/Content/Controls/ControlRig_Pyramid_solid.uasset" 1394
"../../../Engine/Plugins/Animation/ControlRig/Content/Controls/ControlRig_Pyramid_solid.uexp" 1395
"../../../Engine/Plugins/Animation/ControlRig/Content/Controls/ControlRig_Pyramid_3mm.ubulk" 1396
"../../../Engine/Plugins/Animation/ControlRig/Content/Controls/ControlRig_Pyramid_3mm.uasset" 1397
"../../../Engine/Plugins/Animation/ControlRig/Content/Controls/ControlRig_Pyramid_3mm.uexp" 1398
"../../../Engine/Plugins/Animation/ControlRig/Content/Controls/ControlRig_Pyramid_1mm.ubulk" 1399
"../../../Engine/Plugins/Animation/ControlRig/Content/Controls/ControlRig_Pyramid_1mm.uasset" 1400
"../../../Engine/Plugins/Animation/ControlRig/Content/Controls/ControlRig_Pyramid_1mm.uexp" 1401
"../../../Engine/Plugins/Animation/ControlRig/Content/Controls/ControlRig_Octagon_solid.ubulk" 1402
"../../../Engine/Plugins/Animation/ControlRig/Content/Controls/ControlRig_Octagon_solid.uasset" 1403
"../../../Engine/Plugins/Animation/ControlRig/Content/Controls/ControlRig_Octagon_solid.uexp" 1404
"../../../Engine/Plugins/Animation/ControlRig/Content/Controls/ControlRig_Octagon_3mm.ubulk" 1405
"../../../Engine/Plugins/Animation/ControlRig/Content/Controls/ControlRig_Octagon_3mm.uasset" 1406
"../../../Engine/Plugins/Animation/ControlRig/Content/Controls/ControlRig_Octagon_3mm.uexp" 1407
"../../../Engine/Plugins/Animation/ControlRig/Content/Controls/ControlRig_Octagon_1mm.ubulk" 1408
"../../../Engine/Plugins/Animation/ControlRig/Content/Controls/ControlRig_Octagon_1mm.uasset" 1409
"../../../Engine/Plugins/Animation/ControlRig/Content/Controls/ControlRig_Octagon_1mm.uexp" 1410
"../../../Engine/Plugins/Animation/ControlRig/Content/Controls/ControlRig_Hexagon_solid.ubulk" 1411
"../../../Engine/Plugins/Animation/ControlRig/Content/Controls/ControlRig_Hexagon_solid.uasset" 1412
"../../../Engine/Plugins/Animation/ControlRig/Content/Controls/ControlRig_Hexagon_solid.uexp" 1413
"../../../Engine/Plugins/Animation/ControlRig/Content/Controls/ControlRig_Hexagon_3mm.ubulk" 1414
"../../../Engine/Plugins/Animation/ControlRig/Content/Controls/ControlRig_Hexagon_3mm.uasset" 1415
"../../../Engine/Plugins/Animation/ControlRig/Content/Controls/ControlRig_Hexagon_3mm.uexp" 1416
"../../../Engine/Plugins/Animation/ControlRig/Content/Controls/ControlRig_Hexagon_1mm.ubulk" 1417
"../../../Engine/Plugins/Animation/ControlRig/Content/Controls/ControlRig_Hexagon_1mm.uasset" 1418
"../../../Engine/Plugins/Animation/ControlRig/Content/Controls/ControlRig_Hexagon_1mm.uexp" 1419
"../../../Engine/Plugins/Animation/ControlRig/Content/Controls/ControlRig_HalfCircle_solid.ubulk" 1420
"../../../Engine/Plugins/Animation/ControlRig/Content/Controls/ControlRig_HalfCircle_solid.uasset" 1421
"../../../Engine/Plugins/Animation/ControlRig/Content/Controls/ControlRig_HalfCircle_solid.uexp" 1422
"../../../Engine/Plugins/Animation/ControlRig/Content/Controls/ControlRig_HalfCircle_3mm.ubulk" 1423
"../../../Engine/Plugins/Animation/ControlRig/Content/Controls/ControlRig_HalfCircle_3mm.uasset" 1424
"../../../Engine/Plugins/Animation/ControlRig/Content/Controls/ControlRig_HalfCircle_3mm.uexp" 1425
"../../../Engine/Plugins/Animation/ControlRig/Content/Controls/ControlRig_HalfCircle_1mm.ubulk" 1426
"../../../Engine/Plugins/Animation/ControlRig/Content/Controls/ControlRig_HalfCircle_1mm.uasset" 1427
"../../../Engine/Plugins/Animation/ControlRig/Content/Controls/ControlRig_HalfCircle_1mm.uexp" 1428
"../../../Engine/Plugins/Animation/ControlRig/Content/Controls/ControlRig_Diamond_solid.ubulk" 1429
"../../../Engine/Plugins/Animation/ControlRig/Content/Controls/ControlRig_Diamond_solid.uasset" 1430
"../../../Engine/Plugins/Animation/ControlRig/Content/Controls/ControlRig_Diamond_solid.uexp" 1431
"../../../Engine/Plugins/Animation/ControlRig/Content/Controls/ControlRig_Diamond_3mm.ubulk" 1432
"../../../Engine/Plugins/Animation/ControlRig/Content/Controls/ControlRig_Diamond_3mm.uasset" 1433
"../../../Engine/Plugins/Animation/ControlRig/Content/Controls/ControlRig_Diamond_3mm.uexp" 1434
"../../../Engine/Plugins/Animation/ControlRig/Content/Controls/ControlRig_Diamond_1mm.ubulk" 1435
"../../../Engine/Plugins/Animation/ControlRig/Content/Controls/ControlRig_Diamond_1mm.uasset" 1436
"../../../Engine/Plugins/Animation/ControlRig/Content/Controls/ControlRig_Diamond_1mm.uexp" 1437
"../../../Engine/Plugins/Animation/ControlRig/Content/Controls/ControlRig_Circle_solid.ubulk" 1438
"../../../Engine/Plugins/Animation/ControlRig/Content/Controls/ControlRig_Circle_solid.uasset" 1439
"../../../Engine/Plugins/Animation/ControlRig/Content/Controls/ControlRig_Circle_solid.uexp" 1440
"../../../Engine/Plugins/Animation/ControlRig/Content/Controls/ControlRig_Circle_3mm.ubulk" 1441
"../../../Engine/Plugins/Animation/ControlRig/Content/Controls/ControlRig_Circle_3mm.uasset" 1442
"../../../Engine/Plugins/Animation/ControlRig/Content/Controls/ControlRig_Circle_3mm.uexp" 1443
"../../../Engine/Plugins/Animation/ControlRig/Content/Controls/ControlRig_Circle_1mm.ubulk" 1444
"../../../Engine/Plugins/Animation/ControlRig/Content/Controls/ControlRig_Circle_1mm.uasset" 1445
"../../../Engine/Plugins/Animation/ControlRig/Content/Controls/ControlRig_Circle_1mm.uexp" 1446
"../../../Engine/Plugins/Animation/ControlRig/Content/Controls/ControlRig_Box_solid.ubulk" 1447
"../../../Engine/Plugins/Animation/ControlRig/Content/Controls/ControlRig_Box_solid.uasset" 1448
"../../../Engine/Plugins/Animation/ControlRig/Content/Controls/ControlRig_Box_solid.uexp" 1449
"../../../Engine/Plugins/Animation/ControlRig/Content/Controls/ControlRig_Box_3mm.ubulk" 1450
"../../../Engine/Plugins/Animation/ControlRig/Content/Controls/ControlRig_Box_3mm.uasset" 1451
"../../../Engine/Plugins/Animation/ControlRig/Content/Controls/ControlRig_Box_3mm.uexp" 1452
"../../../Engine/Plugins/Animation/ControlRig/Content/Controls/ControlRig_Box_1mm.ubulk" 1453
"../../../Engine/Plugins/Animation/ControlRig/Content/Controls/ControlRig_Box_1mm.uasset" 1454
"../../../Engine/Plugins/Animation/ControlRig/Content/Controls/ControlRig_Box_1mm.uexp" 1455
"../../../Engine/Plugins/Animation/ControlRig/Content/Controls/ControlRig_Arrow_solid.ubulk" 1456
"../../../Engine/Plugins/Animation/ControlRig/Content/Controls/ControlRig_Arrow_solid.uasset" 1457
"../../../Engine/Plugins/Animation/ControlRig/Content/Controls/ControlRig_Arrow_solid.uexp" 1458
"../../../Engine/Plugins/Animation/ControlRig/Content/Controls/ControlRig_Arrow_3mm.ubulk" 1459
"../../../Engine/Plugins/Animation/ControlRig/Content/Controls/ControlRig_Arrow_3mm.uasset" 1460
"../../../Engine/Plugins/Animation/ControlRig/Content/Controls/ControlRig_Arrow_3mm.uexp" 1461
"../../../Engine/Plugins/Animation/ControlRig/Content/Controls/ControlRig_Arrow_1mm.ubulk" 1462
"../../../Engine/Plugins/Animation/ControlRig/Content/Controls/ControlRig_Arrow_1mm.uasset" 1463
"../../../Engine/Plugins/Animation/ControlRig/Content/Controls/ControlRig_Arrow_1mm.uexp" 1464
"../../../Engine/Plugins/Animation/ControlRig/Content/Controls/ControlRig_Arrow4_solid.ubulk" 1465
"../../../Engine/Plugins/Animation/ControlRig/Content/Controls/ControlRig_Arrow4_solid.uasset" 1466
"../../../Engine/Plugins/Animation/ControlRig/Content/Controls/ControlRig_Arrow4_solid.uexp" 1467
"../../../Engine/Plugins/Animation/ControlRig/Content/Controls/ControlRig_Arrow4_3mm.ubulk" 1468
"../../../Engine/Plugins/Animation/ControlRig/Content/Controls/ControlRig_Arrow4_3mm.uasset" 1469
"../../../Engine/Plugins/Animation/ControlRig/Content/Controls/ControlRig_Arrow4_3mm.uexp" 1470
"../../../Engine/Plugins/Animation/ControlRig/Content/Controls/ControlRig_Arrow4_1mm.ubulk" 1471
"../../../Engine/Plugins/Animation/ControlRig/Content/Controls/ControlRig_Arrow4_1mm.uasset" 1472
"../../../Engine/Plugins/Animation/ControlRig/Content/Controls/ControlRig_Arrow4_1mm.uexp" 1473
"../../../Engine/Plugins/Animation/ControlRig/Content/Controls/ControlRig_Arrow2_solid.ubulk" 1474
"../../../Engine/Plugins/Animation/ControlRig/Content/Controls/ControlRig_Arrow2_solid.uasset" 1475
"../../../Engine/Plugins/Animation/ControlRig/Content/Controls/ControlRig_Arrow2_solid.uexp" 1476
"../../../Engine/Plugins/Animation/ControlRig/Content/Controls/ControlRig_Arrow2_3mm.ubulk" 1477
"../../../Engine/Plugins/Animation/ControlRig/Content/Controls/ControlRig_Arrow2_3mm.uasset" 1478
"../../../Engine/Plugins/Animation/ControlRig/Content/Controls/ControlRig_Arrow2_3mm.uexp" 1479
"../../../Engine/Plugins/Animation/ControlRig/Content/Controls/ControlRig_Arrow2_1mm.ubulk" 1480
"../../../Engine/Plugins/Animation/ControlRig/Content/Controls/ControlRig_Arrow2_1mm.uasset" 1481
"../../../Engine/Plugins/Animation/ControlRig/Content/Controls/ControlRig_Arrow2_1mm.uexp" 1482
"../../../Engine/Plugins/Animation/ControlRig/Content/Controls/ControlRigXRayMaterial.uasset" 1483
"../../../Engine/Plugins/Animation/ControlRig/Content/Controls/ControlRigXRayMaterial.uexp" 1484
"../../../Engine/Plugins/Animation/ControlRig/Content/Controls/ControlRigGizmoMaterial.uasset" 1485
"../../../Engine/Plugins/Animation/ControlRig/Content/Controls/ControlRigGizmoMaterial.uexp" 1486
"../../../Engine/Content/VREditor/TransformGizmo/StartRotationHandleIndicator.ubulk" 1487
"../../../Engine/Content/VREditor/TransformGizmo/StartRotationHandleIndicator.uasset" 1488
"../../../Engine/Content/VREditor/TransformGizmo/StartRotationHandleIndicator.uexp" 1489
"../../../Engine/Content/VREditor/Sounds/UI/Drop_Item_From_ContentBrowser.ubulk" 1490
"../../../Engine/Content/VREditor/Sounds/UI/Drop_Item_From_ContentBrowser.uasset" 1491
"../../../Engine/Content/VREditor/Sounds/UI/Drop_Item_From_ContentBrowser.uexp" 1492
"../../../Engine/Content/VREditor/TransformGizmo/PlaneTranslationHandle.ubulk" 1493
"../../../Engine/Content/VREditor/TransformGizmo/PlaneTranslationHandle.uasset" 1494
"../../../Engine/Content/VREditor/TransformGizmo/PlaneTranslationHandle.uexp" 1495
"../../../Engine/Content/VREditor/Sounds/UI/Object_Snaps_To_Grid.ubulk" 1496
"../../../Engine/Content/VREditor/Sounds/UI/Object_Snaps_To_Grid.uasset" 1497
"../../../Engine/Content/VREditor/Sounds/UI/Object_Snaps_To_Grid.uexp" 1498
"../../../Engine/Content/VREditor/Sounds/UI/Selection_Changes.ubulk" 1499
"../../../Engine/Content/VREditor/Sounds/UI/Selection_Changes.uasset" 1500
"../../../Engine/Content/VREditor/Sounds/UI/Selection_Changes.uexp" 1501
"../../../Engine/Content/VREditor/Sounds/UI/Object_Snaps_To_Another_Actor.ubulk" 1502
"../../../Engine/Content/VREditor/Sounds/UI/Object_Snaps_To_Another_Actor.uasset" 1503
"../../../Engine/Content/VREditor/Sounds/UI/Object_Snaps_To_Another_Actor.uexp" 1504
"../../../Engine/Content/VREditor/TransformGizmo/TranslucentTransformGizmoMaterial_Inst.uasset" 1505
"../../../Engine/Content/VREditor/TransformGizmo/TranslucentTransformGizmoMaterial_Inst.uexp" 1506
"../../../Engine/Content/VREditor/TransformGizmo/TransformGizmoFreeRotation.ubulk" 1507
"../../../Engine/Content/VREditor/TransformGizmo/TransformGizmoFreeRotation.uasset" 1508
"../../../Engine/Content/VREditor/TransformGizmo/TransformGizmoFreeRotation.uexp" 1509
"../../../Engine/Content/VREditor/Sounds/UI/Scaling_Down.ubulk" 1510
"../../../Engine/Content/VREditor/Sounds/UI/Scaling_Down.uasset" 1511
"../../../Engine/Content/VREditor/Sounds/UI/Scaling_Down.uexp" 1512
"../../../Engine/Content/Functions/Engine_MaterialFunctions02/SplitComponents.uasset" 1513
"../../../Engine/Content/Functions/Engine_MaterialFunctions02/SplitComponents.uexp" 1514
"../../../Engine/Content/VREditor/SnapGrid/SnapGridMaterial.uasset" 1515
"../../../Engine/Content/VREditor/SnapGrid/SnapGridMaterial.uexp" 1516
"../../../Engine/Content/VREditor/SnapGrid/SnapGridPlaneMesh.ubulk" 1517
"../../../Engine/Content/VREditor/SnapGrid/SnapGridPlaneMesh.uasset" 1518
"../../../Engine/Content/VREditor/SnapGrid/SnapGridPlaneMesh.uexp" 1519
"../../../Engine/Content/VREditor/Sounds/UI/Scaling_Up.ubulk" 1520
"../../../Engine/Content/VREditor/Sounds/UI/Scaling_Up.uasset" 1521
"../../../Engine/Content/VREditor/Sounds/UI/Scaling_Up.uexp" 1522
"../../../Engine/Content/VREditor/TransformGizmo/TransformGizmoMaterial_Inst.uasset" 1523
"../../../Engine/Content/VREditor/TransformGizmo/TransformGizmoMaterial_Inst.uexp" 1524
"../../../Engine/Content/VREditor/Sounds/UI/Gizmo_Handle_Clicked.ubulk" 1525
"../../../Engine/Content/VREditor/Sounds/UI/Gizmo_Handle_Clicked.uasset" 1526
"../../../Engine/Content/VREditor/Sounds/UI/Gizmo_Handle_Clicked.uexp" 1527
"../../../Engine/Content/VREditor/TransformGizmo/RotationHandleQuarter.ubulk" 1528
"../../../Engine/Content/VREditor/TransformGizmo/RotationHandleQuarter.uasset" 1529
"../../../Engine/Content/VREditor/TransformGizmo/RotationHandleQuarter.uexp" 1530
"../../../Engine/Content/VREditor/TransformGizmo/TranslateArrowHandle.ubulk" 1531
"../../../Engine/Content/VREditor/TransformGizmo/TranslateArrowHandle.uasset" 1532
"../../../Engine/Content/VREditor/TransformGizmo/TranslateArrowHandle.uexp" 1533
"../../../Engine/Content/VREditor/TransformGizmo/RotationHandleIndicator.ubulk" 1534
"../../../Engine/Content/VREditor/TransformGizmo/RotationHandleIndicator.uasset" 1535
"../../../Engine/Content/VREditor/TransformGizmo/RotationHandleIndicator.uexp" 1536
"../../../Engine/Content/VREditor/TransformGizmo/UniformScaleHandle.ubulk" 1537
"../../../Engine/Content/VREditor/TransformGizmo/UniformScaleHandle.uasset" 1538
"../../../Engine/Content/VREditor/TransformGizmo/UniformScaleHandle.uexp" 1539
"../../../Engine/Content/VREditor/TransformGizmo/RotationHandleFull.ubulk" 1540
"../../../Engine/Content/VREditor/TransformGizmo/RotationHandleFull.uasset" 1541
"../../../Engine/Content/VREditor/TransformGizmo/RotationHandleFull.uexp" 1542
"../../../Engine/Content/VREditor/Sounds/UI/Object_PickUp.ubulk" 1543
"../../../Engine/Content/VREditor/Sounds/UI/Object_PickUp.uasset" 1544
"../../../Engine/Content/VREditor/Sounds/UI/Object_PickUp.uexp" 1545
"../../../Engine/Content/Functions/Engine_MaterialFunctions01/Shading/PowerToRoughness.uasset" 1546
"../../../Engine/Content/Functions/Engine_MaterialFunctions01/Shading/PowerToRoughness.uexp" 1547
"../../../Engine/Content/Functions/Engine_MaterialFunctions01/Shading/ConvertFromDiffSpec.uasset" 1548
"../../../Engine/Content/Functions/Engine_MaterialFunctions01/Shading/ConvertFromDiffSpec.uexp" 1549
"../../../Engine/Content/EngineSounds/Master.uasset" 1550
"../../../Engine/Content/EngineSounds/Master.uexp" 1551
"../../../Engine/Content/EngineSky/VolumetricClouds/CloudWeatherTexture.uasset" 1552
"../../../Engine/Content/EngineSky/VolumetricClouds/CloudWeatherTexture.uexp" 1553
"../../../Engine/Content/Functions/Engine_MaterialFunctions02/Utility/MakeFloat2.uasset" 1554
"../../../Engine/Content/Functions/Engine_MaterialFunctions02/Utility/MakeFloat2.uexp" 1555
"../../../Engine/Content/EngineSky/VolumetricClouds/CloudGradientTexture.uasset" 1556
"../../../Engine/Content/EngineSky/VolumetricClouds/CloudGradientTexture.uexp" 1557
"../../../Engine/Content/EngineSky/VolumetricClouds/T_NoiseShape64.ubulk" 1558
"../../../Engine/Content/EngineSky/VolumetricClouds/T_NoiseShape64.uasset" 1559
"../../../Engine/Content/EngineSky/VolumetricClouds/T_NoiseShape64.uexp" 1560
"../../../Engine/Content/EngineSky/VolumetricClouds/T_VolumeNoiseShape64.uasset" 1561
"../../../Engine/Content/EngineSky/VolumetricClouds/T_VolumeNoiseShape64.uexp" 1562
"../../../Engine/Content/EngineSky/VolumetricClouds/T_NoiseErosion.ubulk" 1563
"../../../Engine/Content/EngineSky/VolumetricClouds/T_NoiseErosion.uasset" 1564
"../../../Engine/Content/EngineSky/VolumetricClouds/T_NoiseErosion.uexp" 1565
"../../../Engine/Content/EngineSky/VolumetricClouds/T_VolumeNoiseErosion32.uasset" 1566
"../../../Engine/Content/EngineSky/VolumetricClouds/T_VolumeNoiseErosion32.uexp" 1567
"../../../Engine/Content/EngineSky/VolumetricClouds/m_SimpleVolumetricCloud.uasset" 1568
"../../../Engine/Content/EngineSky/VolumetricClouds/m_SimpleVolumetricCloud.uexp" 1569
"../../../Engine/Content/EngineSky/VolumetricClouds/m_SimpleVolumetricCloud_Inst.uasset" 1570
"../../../Engine/Content/EngineSky/VolumetricClouds/m_SimpleVolumetricCloud_Inst.uexp" 1571
"../../../Engine/Content/EngineResources/FilmGrains/Marcie_Grain_v3_128_M2_000.uasset" 1572
"../../../Engine/Content/EngineResources/FilmGrains/Marcie_Grain_v3_128_M2_000.uexp" 1573
"../../../Engine/Content/EngineResources/WhiteSquareTexture.uasset" 1574
"../../../Engine/Content/EngineResources/WhiteSquareTexture.uexp" 1575
"../../../Engine/Content/EngineMaterials/Widget3DPassThrough.uasset" 1576
"../../../Engine/Content/EngineMaterials/Widget3DPassThrough.uexp" 1577
"../../../Engine/Content/EngineMaterials/Widget3DPassThrough_Translucent.uasset" 1578
"../../../Engine/Content/EngineMaterials/Widget3DPassThrough_Translucent.uexp" 1579
"../../../Engine/Content/EngineMaterials/Widget3DPassThrough_Translucent_OneSided.uasset" 1580
"../../../Engine/Content/EngineMaterials/Widget3DPassThrough_Translucent_OneSided.uexp" 1581
"../../../Engine/Content/EngineMaterials/Widget3DPassThrough_Opaque.uasset" 1582
"../../../Engine/Content/EngineMaterials/Widget3DPassThrough_Opaque.uexp" 1583
"../../../Engine/Content/EngineMaterials/Widget3DPassThrough_Opaque_OneSided.uasset" 1584
"../../../Engine/Content/EngineMaterials/Widget3DPassThrough_Opaque_OneSided.uexp" 1585
"../../../Engine/Content/EngineMaterials/Widget3DPassThrough_Masked_OneSided.uasset" 1586
"../../../Engine/Content/EngineMaterials/Widget3DPassThrough_Masked_OneSided.uexp" 1587
"../../../Engine/Content/EngineMaterials/Widget3DPassThrough_Masked.uasset" 1588
"../../../Engine/Content/EngineMaterials/Widget3DPassThrough_Masked.uexp" 1589
"../../../Engine/Content/EngineMaterials/STBlueNoise_vec2_128x128x64.uasset" 1590
"../../../Engine/Content/EngineMaterials/STBlueNoise_vec2_128x128x64.uexp" 1591
"../../../Engine/Content/EngineMaterials/STBlueNoise_scalar_128x128x64.uasset" 1592
"../../../Engine/Content/EngineMaterials/STBlueNoise_scalar_128x128x64.uexp" 1593
"../../../Engine/Content/EngineMaterials/RemoveSurfaceMaterial.uasset" 1594
"../../../Engine/Content/EngineMaterials/RemoveSurfaceMaterial.uexp" 1595
"../../../Engine/Content/EngineMaterials/DefaultCalibrationGrayscale.uasset" 1596
"../../../Engine/Content/EngineMaterials/DefaultCalibrationGrayscale.uexp" 1597
"../../../Engine/Content/EngineMaterials/PPM_DefaultCalibrationGrayscale.uasset" 1598
"../../../Engine/Content/EngineMaterials/PPM_DefaultCalibrationGrayscale.uexp" 1599
"../../../Engine/Content/EngineMaterials/DefaultCalibrationColor.uasset" 1600
"../../../Engine/Content/EngineMaterials/DefaultCalibrationColor.uexp" 1601
"../../../Engine/Content/EngineMaterials/PPM_DefaultCalibrationColor.uasset" 1602
"../../../Engine/Content/EngineMaterials/PPM_DefaultCalibrationColor.uexp" 1603
"../../../Engine/Content/EngineMaterials/PhAT_JointLimitMaterial.uasset" 1604
"../../../Engine/Content/EngineMaterials/PhAT_JointLimitMaterial.uexp" 1605
"../../../Engine/Content/EngineMaterials/NaniteHiddenSectionMaterial.uasset" 1606
"../../../Engine/Content/EngineMaterials/NaniteHiddenSectionMaterial.uexp" 1607
"../../../Engine/Content/EngineMaterials/InvalidLightmapSettings.ubulk" 1608
"../../../Engine/Content/EngineMaterials/InvalidLightmapSettings.uasset" 1609
"../../../Engine/Content/EngineMaterials/InvalidLightmapSettings.uexp" 1610
"../../../Engine/Content/EngineMaterials/M_InvalidLightmapSettings.uasset" 1611
"../../../Engine/Content/EngineMaterials/M_InvalidLightmapSettings.uexp" 1612
"../../../Engine/Content/EngineMaterials/GizmoMaterial.uasset" 1613
"../../../Engine/Content/EngineMaterials/GizmoMaterial.uexp" 1614
"../../../Engine/Content/EngineMaterials/BaseFlattenEmissiveMap_VT.uasset" 1615
"../../../Engine/Content/EngineMaterials/BaseFlattenEmissiveMap_VT.uexp" 1616
"../../../Engine/Content/EngineMaterials/BaseFlattenGrayscaleMap_VT.uasset" 1617
"../../../Engine/Content/EngineMaterials/BaseFlattenGrayscaleMap_VT.uexp" 1618
"../../../Engine/Content/EngineMaterials/BaseFlattenLinearColor_VT.uasset" 1619
"../../../Engine/Content/EngineMaterials/BaseFlattenLinearColor_VT.uexp" 1620
"../../../Engine/Content/EngineMaterials/Black_1x1_EXR_Texture_VT.uasset" 1621
"../../../Engine/Content/EngineMaterials/Black_1x1_EXR_Texture_VT.uexp" 1622
"../../../Engine/Content/EngineMaterials/BaseFlattenDiffuseMap_VT.uasset" 1623
"../../../Engine/Content/EngineMaterials/BaseFlattenDiffuseMap_VT.uexp" 1624
"../../../Engine/Content/EngineMaterials/BaseFlattenNormalMap_VT.uasset" 1625
"../../../Engine/Content/EngineMaterials/BaseFlattenNormalMap_VT.uexp" 1626
"../../../Engine/Content/EngineMaterials/FlattenMaterial_WS_Normal_VT.uasset" 1627
"../../../Engine/Content/EngineMaterials/FlattenMaterial_WS_Normal_VT.uexp" 1628
"../../../Engine/Content/EngineMaterials/FlattenMaterial_VT.uasset" 1629
"../../../Engine/Content/EngineMaterials/FlattenMaterial_VT.uexp" 1630
"../../../Engine/Content/EngineMaterials/BaseFlattenNormalMap.uasset" 1631
"../../../Engine/Content/EngineMaterials/BaseFlattenNormalMap.uexp" 1632
"../../../Engine/Content/EngineMaterials/BaseFlattenGrayscaleMap.uasset" 1633
"../../../Engine/Content/EngineMaterials/BaseFlattenGrayscaleMap.uexp" 1634
"../../../Engine/Content/EngineMaterials/BaseFlattenDiffuseMap.uasset" 1635
"../../../Engine/Content/EngineMaterials/BaseFlattenDiffuseMap.uexp" 1636
"../../../Engine/Content/Functions/Engine_MaterialFunctions02/PivotPainter2/Black_1x1_EXR_Texture.uasset" 1637
"../../../Engine/Content/Functions/Engine_MaterialFunctions02/PivotPainter2/Black_1x1_EXR_Texture.uexp" 1638
"../../../Engine/Content/EngineMaterials/BaseFlattenEmissiveMap.uasset" 1639
"../../../Engine/Content/EngineMaterials/BaseFlattenEmissiveMap.uexp" 1640
"../../../Engine/Content/EngineMaterials/BaseFlattenLinearColor.uasset" 1641
"../../../Engine/Content/EngineMaterials/BaseFlattenLinearColor.uexp" 1642
"../../../Engine/Content/EngineMaterials/FlattenMaterial.uasset" 1643
"../../../Engine/Content/EngineMaterials/FlattenMaterial.uexp" 1644
"../../../Engine/Content/EngineMaterials/DefaultWhiteGrid_Low.uasset" 1645
"../../../Engine/Content/EngineMaterials/DefaultWhiteGrid_Low.uexp" 1646
"../../../Engine/Content/EngineMaterials/EmissiveMeshMaterial.uasset" 1647
"../../../Engine/Content/EngineMaterials/EmissiveMeshMaterial.uexp" 1648
"../../../Engine/Content/EngineFonts/RobotoDistanceField.uasset" 1649
"../../../Engine/Content/EngineFonts/RobotoDistanceField.uexp" 1650
"../../../Engine/Content/EngineMaterials/DefaultTextMaterialOpaque.uasset" 1651
"../../../Engine/Content/EngineMaterials/DefaultTextMaterialOpaque.uexp" 1652
"../../../Engine/Content/EngineMaterials/DefaultPostProcessMaterial.uasset" 1653
"../../../Engine/Content/EngineMaterials/DefaultPostProcessMaterial.uexp" 1654
"../../../Engine/Content/EngineMaterials/DefaultPhysicalMaterial.uasset" 1655
"../../../Engine/Content/EngineMaterials/DefaultPhysicalMaterial.uexp" 1656
"../../../Engine/Content/EngineMaterials/DefaultLightFunctionMaterial.uasset" 1657
"../../../Engine/Content/EngineMaterials/DefaultLightFunctionMaterial.uexp" 1658
"../../../Engine/Content/EngineMaterials/DefaultDestructiblePhysicalMaterial.uasset" 1659
"../../../Engine/Content/EngineMaterials/DefaultDestructiblePhysicalMaterial.uexp" 1660
"../../../Engine/Content/EngineMaterials/DefaultDeferredDecalMaterial.uasset" 1661
"../../../Engine/Content/EngineMaterials/DefaultDeferredDecalMaterial.uexp" 1662
"../../../Engine/Content/EngineMaterials/DefaultBloomKernel.uasset" 1663
"../../../Engine/Content/EngineMaterials/DefaultBloomKernel.uexp" 1664
"../../../Engine/Content/EngineMaterials/Substrate/Volume/SubstrateSimpleVolumeLUT3D.uasset" 1665
"../../../Engine/Content/EngineMaterials/Substrate/Volume/SubstrateSimpleVolumeLUT3D.uexp" 1666
"../../../Engine/Content/EngineMaterials/Substrate/Volume/SubstrateSimpleVolumeEnvLUT3D.uasset" 1667
"../../../Engine/Content/EngineMaterials/Substrate/Volume/SubstrateSimpleVolumeEnvLUT3D.uexp" 1668
"../../../Engine/Content/EngineMaterials/Substrate/GLints2/AGlintTex2dArray2.uasset" 1669
"../../../Engine/Content/EngineMaterials/Substrate/GLints2/AGlintTex2dArray2.uexp" 1670
"D:/UnrealStuff/FPSTest/Content/LevelPrototyping/Materials/M_Solid.uasset" 1671
"D:/UnrealStuff/FPSTest/Content/LevelPrototyping/Materials/M_Solid.uexp" 1672
"D:/UnrealStuff/FPSTest/Content/LevelPrototyping/Materials/MI_Solid_Blue.uasset" 1673
"D:/UnrealStuff/FPSTest/Content/LevelPrototyping/Materials/MI_Solid_Blue.uexp" 1674
"D:/UnrealStuff/FPSTest/Content/LevelPrototyping/Meshes/SM_ChamferCube.ubulk" 1675
"D:/UnrealStuff/FPSTest/Content/LevelPrototyping/Meshes/SM_ChamferCube.uasset" 1676
"D:/UnrealStuff/FPSTest/Content/LevelPrototyping/Meshes/SM_ChamferCube.uexp" 1677
"D:/UnrealStuff/FPSTest/Content/LevelPrototyping/Meshes/SM_Cube.ubulk" 1678
"D:/UnrealStuff/FPSTest/Content/LevelPrototyping/Meshes/SM_Cube.uasset" 1679
"D:/UnrealStuff/FPSTest/Content/LevelPrototyping/Meshes/SM_Cube.uexp" 1680
"D:/UnrealStuff/FPSTest/Content/WeaponContent/TEX_MinigunPickup.ubulk" 1681
"D:/UnrealStuff/FPSTest/Content/WeaponContent/TEX_MinigunPickup.uasset" 1682
"D:/UnrealStuff/FPSTest/Content/WeaponContent/TEX_MinigunPickup.uexp" 1683
"D:/UnrealStuff/FPSTest/Content/WeaponContent/MinigunPickup.uasset" 1684
"D:/UnrealStuff/FPSTest/Content/WeaponContent/MinigunPickup.uexp" 1685
"D:/UnrealStuff/FPSTest/Content/WeaponContent/MinigunPickup1.ubulk" 1686
"D:/UnrealStuff/FPSTest/Content/WeaponContent/MinigunPickup1.uasset" 1687
"D:/UnrealStuff/FPSTest/Content/WeaponContent/MinigunPickup1.uexp" 1688
"D:/UnrealStuff/FPSTest/Content/PickupContent/Ammo/AmmoBatteryLarge_ncl1_1.uasset" 1689
"D:/UnrealStuff/FPSTest/Content/PickupContent/Ammo/AmmoBatteryLarge_ncl1_1.uexp" 1690
"D:/UnrealStuff/FPSTest/Content/PickupContent/Ammo/AmmoBatteryLarge1.uasset" 1691
"D:/UnrealStuff/FPSTest/Content/PickupContent/Ammo/AmmoBatteryLarge1.uexp" 1692
"D:/UnrealStuff/FPSTest/Content/PickupContent/Ammo/AmmoBatteryLarge.ubulk" 1693
"D:/UnrealStuff/FPSTest/Content/PickupContent/Ammo/AmmoBatteryLarge.uasset" 1694
"D:/UnrealStuff/FPSTest/Content/PickupContent/Ammo/AmmoBatteryLarge.uexp" 1695
"D:/UnrealStuff/FPSTest/Content/Pickups/Pickup_Battery_Large.uasset" 1696
"D:/UnrealStuff/FPSTest/Content/Pickups/Pickup_Battery_Large.uexp" 1697
"../../../Engine/Content/EngineSky/T_Sky_Stars.ubulk" 1698
"../../../Engine/Content/EngineSky/T_Sky_Stars.uasset" 1699
"../../../Engine/Content/EngineSky/T_Sky_Stars.uexp" 1700
"../../../Engine/Content/EngineSky/T_Sky_Clouds_M.ubulk" 1701
"../../../Engine/Content/EngineSky/T_Sky_Clouds_M.uasset" 1702
"../../../Engine/Content/EngineSky/T_Sky_Clouds_M.uexp" 1703
"../../../Engine/Content/EngineSky/T_Sky_Blue.ubulk" 1704
"../../../Engine/Content/EngineSky/T_Sky_Blue.uasset" 1705
"../../../Engine/Content/EngineSky/T_Sky_Blue.uexp" 1706
"../../../Engine/Content/EngineSky/M_Sky_Panning_Clouds2.uasset" 1707
"../../../Engine/Content/EngineSky/M_Sky_Panning_Clouds2.uexp" 1708
"../../../Engine/Content/EngineSky/SM_SkySphere.ubulk" 1709
"../../../Engine/Content/EngineSky/SM_SkySphere.uasset" 1710
"../../../Engine/Content/EngineSky/SM_SkySphere.uexp" 1711
"../../../Engine/Content/EngineSky/M_SimpleSkyDome.uasset" 1712
"../../../Engine/Content/EngineSky/M_SimpleSkyDome.uexp" 1713
"D:/UnrealStuff/FPSTest/Content/PickupContent/Ammo/AmmoBatterySmall_ncl1_1.uasset" 1714
"D:/UnrealStuff/FPSTest/Content/PickupContent/Ammo/AmmoBatterySmall_ncl1_1.uexp" 1715
"D:/UnrealStuff/FPSTest/Content/PickupContent/Ammo/AmmoBatterySmall1.uasset" 1716
"D:/UnrealStuff/FPSTest/Content/PickupContent/Ammo/AmmoBatterySmall1.uexp" 1717
"D:/UnrealStuff/FPSTest/Content/PickupContent/Ammo/AmmoBatterySmall.ubulk" 1718
"D:/UnrealStuff/FPSTest/Content/PickupContent/Ammo/AmmoBatterySmall.uasset" 1719
"D:/UnrealStuff/FPSTest/Content/PickupContent/Ammo/AmmoBatterySmall.uexp" 1720
"D:/UnrealStuff/FPSTest/Content/Pickups/Pickup_Battery_Small.uasset" 1721
"D:/UnrealStuff/FPSTest/Content/Pickups/Pickup_Battery_Small.uexp" 1722
"D:/UnrealStuff/FPSTest/Content/LevelPrototyping/Meshes/SM_QuarterCylinder.ubulk" 1723
"D:/UnrealStuff/FPSTest/Content/LevelPrototyping/Meshes/SM_QuarterCylinder.uasset" 1724
"D:/UnrealStuff/FPSTest/Content/LevelPrototyping/Meshes/SM_QuarterCylinder.uexp" 1725
"D:/UnrealStuff/FPSTest/Content/LevelPrototyping/Materials/MI_PrototypeGrid_TopDark.uasset" 1726
"D:/UnrealStuff/FPSTest/Content/LevelPrototyping/Materials/MI_PrototypeGrid_TopDark.uexp" 1727
"D:/UnrealStuff/FPSTest/Content/EnemyContent/ChaosMinigunner/chaosminigunner_Skeleton.uasset" 1728
"D:/UnrealStuff/FPSTest/Content/EnemyContent/ChaosMinigunner/chaosminigunner_Skeleton.uexp" 1729
"D:/UnrealStuff/FPSTest/Content/EnemyContent/ChaosMinigunner/die.uasset" 1730
"D:/UnrealStuff/FPSTest/Content/EnemyContent/ChaosMinigunner/die.uexp" 1731
"D:/UnrealStuff/FPSTest/Content/Sounds/Entities/weaponpickup.ubulk" 1732
"D:/UnrealStuff/FPSTest/Content/Sounds/Entities/weaponpickup.uasset" 1733
"D:/UnrealStuff/FPSTest/Content/Sounds/Entities/weaponpickup.uexp" 1734
"D:/UnrealStuff/FPSTest/Content/Weapons/Pickup_Minigun.uasset" 1735
"D:/UnrealStuff/FPSTest/Content/Weapons/Pickup_Minigun.uexp" 1736
"D:/UnrealStuff/FPSTest/Content/EnemyContent/ChaosMinigunner/walking.uasset" 1737
"D:/UnrealStuff/FPSTest/Content/EnemyContent/ChaosMinigunner/walking.uexp" 1738
"D:/UnrealStuff/FPSTest/Content/EnemyContent/ChaosMinigunner/idle.uasset" 1739
"D:/UnrealStuff/FPSTest/Content/EnemyContent/ChaosMinigunner/idle.uexp" 1740
"D:/UnrealStuff/FPSTest/Content/AnimBluePrints/ABP_ChaosMinigunner.uasset" 1741
"D:/UnrealStuff/FPSTest/Content/AnimBluePrints/ABP_ChaosMinigunner.uexp" 1742
"D:/UnrealStuff/FPSTest/Content/EnemyContent/ChaosMinigunner/chaosminigunner_lowertorso_png.uasset" 1743
"D:/UnrealStuff/FPSTest/Content/EnemyContent/ChaosMinigunner/chaosminigunner_lowertorso_png.uexp" 1744
"D:/UnrealStuff/FPSTest/Content/EnemyContent/ChaosMinigunner/chaosminigunner_material_0.uasset" 1745
"D:/UnrealStuff/FPSTest/Content/EnemyContent/ChaosMinigunner/chaosminigunner_material_0.uexp" 1746
"D:/UnrealStuff/FPSTest/Content/EnemyContent/ChaosMinigunner/chaosminigunner_upperchest_png.uasset" 1747
"D:/UnrealStuff/FPSTest/Content/EnemyContent/ChaosMinigunner/chaosminigunner_upperchest_png.uexp" 1748
"D:/UnrealStuff/FPSTest/Content/EnemyContent/ChaosMinigunner/chaosminigunner_material_1.uasset" 1749
"D:/UnrealStuff/FPSTest/Content/EnemyContent/ChaosMinigunner/chaosminigunner_material_1.uexp" 1750
"D:/UnrealStuff/FPSTest/Content/EnemyContent/ChaosMinigunner/chaosminigunner_rightarm_png.uasset" 1751
"D:/UnrealStuff/FPSTest/Content/EnemyContent/ChaosMinigunner/chaosminigunner_rightarm_png.uexp" 1752
"D:/UnrealStuff/FPSTest/Content/EnemyContent/ChaosMinigunner/chaosminigunner_material_2.uasset" 1753
"D:/UnrealStuff/FPSTest/Content/EnemyContent/ChaosMinigunner/chaosminigunner_material_2.uexp" 1754
"D:/UnrealStuff/FPSTest/Content/EnemyContent/ChaosMinigunner/chaosminigunner_shoulder_png.uasset" 1755
"D:/UnrealStuff/FPSTest/Content/EnemyContent/ChaosMinigunner/chaosminigunner_shoulder_png.uexp" 1756
"D:/UnrealStuff/FPSTest/Content/EnemyContent/ChaosMinigunner/chaosminigunner_material_3.uasset" 1757
"D:/UnrealStuff/FPSTest/Content/EnemyContent/ChaosMinigunner/chaosminigunner_material_3.uexp" 1758
"D:/UnrealStuff/FPSTest/Content/EnemyContent/ChaosMinigunner/chaosminigunner_arm_png.uasset" 1759
"D:/UnrealStuff/FPSTest/Content/EnemyContent/ChaosMinigunner/chaosminigunner_arm_png.uexp" 1760
"D:/UnrealStuff/FPSTest/Content/EnemyContent/ChaosMinigunner/chaosminigunner_material_4.uasset" 1761
"D:/UnrealStuff/FPSTest/Content/EnemyContent/ChaosMinigunner/chaosminigunner_material_4.uexp" 1762
"D:/UnrealStuff/FPSTest/Content/EnemyContent/ChaosMinigunner/chaosminigunner_minicannon_png.uasset" 1763
"D:/UnrealStuff/FPSTest/Content/EnemyContent/ChaosMinigunner/chaosminigunner_minicannon_png.uexp" 1764
"D:/UnrealStuff/FPSTest/Content/EnemyContent/ChaosMinigunner/chaosminigunner_material_5.uasset" 1765
"D:/UnrealStuff/FPSTest/Content/EnemyContent/ChaosMinigunner/chaosminigunner_material_5.uexp" 1766
"D:/UnrealStuff/FPSTest/Content/EnemyContent/ChaosMinigunner/chaosminigunner_head_png.uasset" 1767
"D:/UnrealStuff/FPSTest/Content/EnemyContent/ChaosMinigunner/chaosminigunner_head_png.uexp" 1768
"D:/UnrealStuff/FPSTest/Content/EnemyContent/ChaosMinigunner/chaosminigunner_material_6.uasset" 1769
"D:/UnrealStuff/FPSTest/Content/EnemyContent/ChaosMinigunner/chaosminigunner_material_6.uexp" 1770
"D:/UnrealStuff/FPSTest/Content/EnemyContent/ChaosMinigunner/chaosminigunner_visorfront_png.uasset" 1771
"D:/UnrealStuff/FPSTest/Content/EnemyContent/ChaosMinigunner/chaosminigunner_visorfront_png.uexp" 1772
"D:/UnrealStuff/FPSTest/Content/EnemyContent/ChaosMinigunner/chaosminigunner_material_7.uasset" 1773
"D:/UnrealStuff/FPSTest/Content/EnemyContent/ChaosMinigunner/chaosminigunner_material_7.uexp" 1774
"D:/UnrealStuff/FPSTest/Content/EnemyContent/ChaosMinigunner/chaosminigunner_visortop_png.uasset" 1775
"D:/UnrealStuff/FPSTest/Content/EnemyContent/ChaosMinigunner/chaosminigunner_visortop_png.uexp" 1776
"D:/UnrealStuff/FPSTest/Content/EnemyContent/ChaosMinigunner/chaosminigunner_material_8.uasset" 1777
"D:/UnrealStuff/FPSTest/Content/EnemyContent/ChaosMinigunner/chaosminigunner_material_8.uexp" 1778
"D:/UnrealStuff/FPSTest/Content/EnemyContent/ChaosMinigunner/chaosminigunner_foot_png.uasset" 1779
"D:/UnrealStuff/FPSTest/Content/EnemyContent/ChaosMinigunner/chaosminigunner_foot_png.uexp" 1780
"D:/UnrealStuff/FPSTest/Content/EnemyContent/ChaosMinigunner/chaosminigunner_material_9.uasset" 1781
"D:/UnrealStuff/FPSTest/Content/EnemyContent/ChaosMinigunner/chaosminigunner_material_9.uexp" 1782
"D:/UnrealStuff/FPSTest/Content/EnemyContent/ChaosMinigunner/chaosminigunner_legtexture_png.uasset" 1783
"D:/UnrealStuff/FPSTest/Content/EnemyContent/ChaosMinigunner/chaosminigunner_legtexture_png.uexp" 1784
"D:/UnrealStuff/FPSTest/Content/EnemyContent/ChaosMinigunner/chaosminigunner_material_10.uasset" 1785
"D:/UnrealStuff/FPSTest/Content/EnemyContent/ChaosMinigunner/chaosminigunner_material_10.uexp" 1786
"D:/UnrealStuff/FPSTest/Content/EnemyContent/ChaosMinigunner/chaosminigunner_PhysicsAsset.uasset" 1787
"D:/UnrealStuff/FPSTest/Content/EnemyContent/ChaosMinigunner/chaosminigunner_PhysicsAsset.uexp" 1788
"D:/UnrealStuff/FPSTest/Content/EnemyContent/ChaosMinigunner/chaosminigunner.uasset" 1789
"D:/UnrealStuff/FPSTest/Content/EnemyContent/ChaosMinigunner/chaosminigunner.uexp" 1790
"D:/UnrealStuff/FPSTest/Content/Enemies/ChaosMinigunner/BB_ChaosMinigunner.uasset" 1791
"D:/UnrealStuff/FPSTest/Content/Enemies/ChaosMinigunner/BB_ChaosMinigunner.uexp" 1792
"D:/UnrealStuff/FPSTest/Content/EnemyContent/ChaosMinigunner/attack.uasset" 1793
"D:/UnrealStuff/FPSTest/Content/EnemyContent/ChaosMinigunner/attack.uexp" 1794
"D:/UnrealStuff/FPSTest/Content/EnemyContent/ChaosMinigunner/chaosminigunner_attack_montage.uasset" 1795
"D:/UnrealStuff/FPSTest/Content/EnemyContent/ChaosMinigunner/chaosminigunner_attack_montage.uexp" 1796
"D:/UnrealStuff/FPSTest/Content/Enemies/ChaosMinigunner/BT_ChaosMinigunner.uasset" 1797
"D:/UnrealStuff/FPSTest/Content/Enemies/ChaosMinigunner/BT_ChaosMinigunner.uexp" 1798
"D:/UnrealStuff/FPSTest/Content/Enemies/ChaosMinigunner/AI_ChaosMinigunner.uasset" 1799
"D:/UnrealStuff/FPSTest/Content/Enemies/ChaosMinigunner/AI_ChaosMinigunner.uexp" 1800
"D:/UnrealStuff/FPSTest/Content/Enemies/ChaosMinigunner/BP_Enemy_ChaosMinigunner.uasset" 1801
"D:/UnrealStuff/FPSTest/Content/Enemies/ChaosMinigunner/BP_Enemy_ChaosMinigunner.uexp" 1802
"D:/UnrealStuff/FPSTest/Content/Sounds/Enemies/chaosslasher_die.ubulk" 1803
"D:/UnrealStuff/FPSTest/Content/Sounds/Enemies/chaosslasher_die.uasset" 1804
"D:/UnrealStuff/FPSTest/Content/Sounds/Enemies/chaosslasher_die.uexp" 1805
"D:/UnrealStuff/FPSTest/Content/EnemyContent/ChaosSlasher/chaosslasher_Skeleton.uasset" 1806
"D:/UnrealStuff/FPSTest/Content/EnemyContent/ChaosSlasher/chaosslasher_Skeleton.uexp" 1807
"D:/UnrealStuff/FPSTest/Content/EnemyContent/ChaosSlasher/walking.uasset" 1808
"D:/UnrealStuff/FPSTest/Content/EnemyContent/ChaosSlasher/walking.uexp" 1809
"D:/UnrealStuff/FPSTest/Content/EnemyContent/ChaosSlasher/die.uasset" 1810
"D:/UnrealStuff/FPSTest/Content/EnemyContent/ChaosSlasher/die.uexp" 1811
"D:/UnrealStuff/FPSTest/Content/EnemyContent/ChaosSlasher/idle.uasset" 1812
"D:/UnrealStuff/FPSTest/Content/EnemyContent/ChaosSlasher/idle.uexp" 1813
"D:/UnrealStuff/FPSTest/Content/AnimBluePrints/ABP_ChaosSlasher.uasset" 1814
"D:/UnrealStuff/FPSTest/Content/AnimBluePrints/ABP_ChaosSlasher.uexp" 1815
"D:/UnrealStuff/FPSTest/Content/EnemyContent/ChaosSlasher/chaosslasher_PhysicsAsset.uasset" 1816
"D:/UnrealStuff/FPSTest/Content/EnemyContent/ChaosSlasher/chaosslasher_PhysicsAsset.uexp" 1817
"D:/UnrealStuff/FPSTest/Content/EnemyContent/ChaosSlasher/chaosslasher_ltorso_png.uasset" 1818
"D:/UnrealStuff/FPSTest/Content/EnemyContent/ChaosSlasher/chaosslasher_ltorso_png.uexp" 1819
"D:/UnrealStuff/FPSTest/Content/EnemyContent/ChaosSlasher/chaosslasher_material_0.uasset" 1820
"D:/UnrealStuff/FPSTest/Content/EnemyContent/ChaosSlasher/chaosslasher_material_0.uexp" 1821
"D:/UnrealStuff/FPSTest/Content/EnemyContent/ChaosSlasher/chaosslasher_utorso_png.uasset" 1822
"D:/UnrealStuff/FPSTest/Content/EnemyContent/ChaosSlasher/chaosslasher_utorso_png.uexp" 1823
"D:/UnrealStuff/FPSTest/Content/EnemyContent/ChaosSlasher/chaosslasher_material_1.uasset" 1824
"D:/UnrealStuff/FPSTest/Content/EnemyContent/ChaosSlasher/chaosslasher_material_1.uexp" 1825
"D:/UnrealStuff/FPSTest/Content/EnemyContent/ChaosSlasher/chaosslasher_bladetop_png.uasset" 1826
"D:/UnrealStuff/FPSTest/Content/EnemyContent/ChaosSlasher/chaosslasher_bladetop_png.uexp" 1827
"D:/UnrealStuff/FPSTest/Content/EnemyContent/ChaosSlasher/chaosslasher_material_2.uasset" 1828
"D:/UnrealStuff/FPSTest/Content/EnemyContent/ChaosSlasher/chaosslasher_material_2.uexp" 1829
"D:/UnrealStuff/FPSTest/Content/EnemyContent/ChaosSlasher/chaosslasher_blademid_png.uasset" 1830
"D:/UnrealStuff/FPSTest/Content/EnemyContent/ChaosSlasher/chaosslasher_blademid_png.uexp" 1831
"D:/UnrealStuff/FPSTest/Content/EnemyContent/ChaosSlasher/chaosslasher_material_3.uasset" 1832
"D:/UnrealStuff/FPSTest/Content/EnemyContent/ChaosSlasher/chaosslasher_material_3.uexp" 1833
"D:/UnrealStuff/FPSTest/Content/EnemyContent/ChaosSlasher/chaosslasher_bladebot_png.uasset" 1834
"D:/UnrealStuff/FPSTest/Content/EnemyContent/ChaosSlasher/chaosslasher_bladebot_png.uexp" 1835
"D:/UnrealStuff/FPSTest/Content/EnemyContent/ChaosSlasher/chaosslasher_material_4.uasset" 1836
"D:/UnrealStuff/FPSTest/Content/EnemyContent/ChaosSlasher/chaosslasher_material_4.uexp" 1837
"D:/UnrealStuff/FPSTest/Content/EnemyContent/ChaosSlasher/chaosslasher_head_png.uasset" 1838
"D:/UnrealStuff/FPSTest/Content/EnemyContent/ChaosSlasher/chaosslasher_head_png.uexp" 1839
"D:/UnrealStuff/FPSTest/Content/EnemyContent/ChaosSlasher/chaosslasher_material_5.uasset" 1840
"D:/UnrealStuff/FPSTest/Content/EnemyContent/ChaosSlasher/chaosslasher_material_5.uexp" 1841
"D:/UnrealStuff/FPSTest/Content/EnemyContent/ChaosSlasher/chaosslasher_skull_png.uasset" 1842
"D:/UnrealStuff/FPSTest/Content/EnemyContent/ChaosSlasher/chaosslasher_skull_png.uexp" 1843
"D:/UnrealStuff/FPSTest/Content/EnemyContent/ChaosSlasher/chaosslasher_material_6.uasset" 1844
"D:/UnrealStuff/FPSTest/Content/EnemyContent/ChaosSlasher/chaosslasher_material_6.uexp" 1845
"D:/UnrealStuff/FPSTest/Content/EnemyContent/ChaosSlasher/chaosslasher_foot_png.uasset" 1846
"D:/UnrealStuff/FPSTest/Content/EnemyContent/ChaosSlasher/chaosslasher_foot_png.uexp" 1847
"D:/UnrealStuff/FPSTest/Content/EnemyContent/ChaosSlasher/chaosslasher_material_7.uasset" 1848
"D:/UnrealStuff/FPSTest/Content/EnemyContent/ChaosSlasher/chaosslasher_material_7.uexp" 1849
"D:/UnrealStuff/FPSTest/Content/EnemyContent/ChaosSlasher/chaosslasher_legtexture_png.uasset" 1850
"D:/UnrealStuff/FPSTest/Content/EnemyContent/ChaosSlasher/chaosslasher_legtexture_png.uexp" 1851
"D:/UnrealStuff/FPSTest/Content/EnemyContent/ChaosSlasher/chaosslasher_material_8.uasset" 1852
"D:/UnrealStuff/FPSTest/Content/EnemyContent/ChaosSlasher/chaosslasher_material_8.uexp" 1853
"D:/UnrealStuff/FPSTest/Content/EnemyContent/ChaosSlasher/chaosslasher.uasset" 1854
"D:/UnrealStuff/FPSTest/Content/EnemyContent/ChaosSlasher/chaosslasher.uexp" 1855
"D:/UnrealStuff/FPSTest/Content/Sounds/Enemies/chaosslasher_hurt.ubulk" 1856
"D:/UnrealStuff/FPSTest/Content/Sounds/Enemies/chaosslasher_hurt.uasset" 1857
"D:/UnrealStuff/FPSTest/Content/Sounds/Enemies/chaosslasher_hurt.uexp" 1858
"D:/UnrealStuff/FPSTest/Content/Sounds/Enemies/chaosslasher_swing.ubulk" 1859
"D:/UnrealStuff/FPSTest/Content/Sounds/Enemies/chaosslasher_swing.uasset" 1860
"D:/UnrealStuff/FPSTest/Content/Sounds/Enemies/chaosslasher_swing.uexp" 1861
"D:/UnrealStuff/FPSTest/Content/Enemies/ChaosSlasher/BB_ChaosSlasher.uasset" 1862
"D:/UnrealStuff/FPSTest/Content/Enemies/ChaosSlasher/BB_ChaosSlasher.uexp" 1863
"D:/UnrealStuff/FPSTest/Content/EnemyContent/ChaosSlasher/attack.uasset" 1864
"D:/UnrealStuff/FPSTest/Content/EnemyContent/ChaosSlasher/attack.uexp" 1865
"D:/UnrealStuff/FPSTest/Content/EnemyContent/ChaosSlasher/chaosslasher_attack_montage.uasset" 1866
"D:/UnrealStuff/FPSTest/Content/EnemyContent/ChaosSlasher/chaosslasher_attack_montage.uexp" 1867
"D:/UnrealStuff/FPSTest/Content/Enemies/ChaosSlasher/BT_ChaosSlasher.uasset" 1868
"D:/UnrealStuff/FPSTest/Content/Enemies/ChaosSlasher/BT_ChaosSlasher.uexp" 1869
"D:/UnrealStuff/FPSTest/Content/Enemies/ChaosSlasher/AI_ChaosSlasher.uasset" 1870
"D:/UnrealStuff/FPSTest/Content/Enemies/ChaosSlasher/AI_ChaosSlasher.uexp" 1871
"D:/UnrealStuff/FPSTest/Content/Enemies/ChaosSlasher/BP_Enemy_ChaosSlasher.uasset" 1872
"D:/UnrealStuff/FPSTest/Content/Enemies/ChaosSlasher/BP_Enemy_ChaosSlasher.uexp" 1873
"D:/UnrealStuff/FPSTest/Content/Weapons/Pickup_DBShotgun.uasset" 1874
"D:/UnrealStuff/FPSTest/Content/Weapons/Pickup_DBShotgun.uexp" 1875
"D:/UnrealStuff/FPSTest/Content/PickupContent/Ammo/AmmoBulletLarge_ncl1_1.uasset" 1876
"D:/UnrealStuff/FPSTest/Content/PickupContent/Ammo/AmmoBulletLarge_ncl1_1.uexp" 1877
"D:/UnrealStuff/FPSTest/Content/PickupContent/Ammo/AmmoBulletLarge1.uasset" 1878
"D:/UnrealStuff/FPSTest/Content/PickupContent/Ammo/AmmoBulletLarge1.uexp" 1879
"D:/UnrealStuff/FPSTest/Content/PickupContent/Ammo/AmmoBulletLarge.ubulk" 1880
"D:/UnrealStuff/FPSTest/Content/PickupContent/Ammo/AmmoBulletLarge.uasset" 1881
"D:/UnrealStuff/FPSTest/Content/PickupContent/Ammo/AmmoBulletLarge.uexp" 1882
"D:/UnrealStuff/FPSTest/Content/Pickups/Pickup_Bullets_Large.uasset" 1883
"D:/UnrealStuff/FPSTest/Content/Pickups/Pickup_Bullets_Large.uexp" 1884
"D:/UnrealStuff/FPSTest/Content/Weapons/Pickup_Shotgun.uasset" 1885
"D:/UnrealStuff/FPSTest/Content/Weapons/Pickup_Shotgun.uexp" 1886
"D:/UnrealStuff/FPSTest/Content/Weapons/Pickup_ElectronRifle.uasset" 1887
"D:/UnrealStuff/FPSTest/Content/Weapons/Pickup_ElectronRifle.uexp" 1888
"D:/UnrealStuff/FPSTest/Content/LevelPrototyping/Meshes/SM_Ramp.ubulk" 1889
"D:/UnrealStuff/FPSTest/Content/LevelPrototyping/Meshes/SM_Ramp.uasset" 1890
"D:/UnrealStuff/FPSTest/Content/LevelPrototyping/Meshes/SM_Ramp.uexp" 1891
"D:/UnrealStuff/FPSTest/Content/PickupContent/Armor/UltraArmor_ncl1_1.uasset" 1892
"D:/UnrealStuff/FPSTest/Content/PickupContent/Armor/UltraArmor_ncl1_1.uexp" 1893
"D:/UnrealStuff/FPSTest/Content/PickupContent/Armor/UltraArmor1.uasset" 1894
"D:/UnrealStuff/FPSTest/Content/PickupContent/Armor/UltraArmor1.uexp" 1895
"D:/UnrealStuff/FPSTest/Content/PickupContent/Armor/UltraArmor.ubulk" 1896
"D:/UnrealStuff/FPSTest/Content/PickupContent/Armor/UltraArmor.uasset" 1897
"D:/UnrealStuff/FPSTest/Content/PickupContent/Armor/UltraArmor.uexp" 1898
"D:/UnrealStuff/FPSTest/Content/Pickups/Pickup_ArmorUltra.uasset" 1899
"D:/UnrealStuff/FPSTest/Content/Pickups/Pickup_ArmorUltra.uexp" 1900
"D:/UnrealStuff/FPSTest/Content/WeaponContent/WeaponsHolder.uasset" 1901
"D:/UnrealStuff/FPSTest/Content/WeaponContent/WeaponsHolder.uexp" 1902
"D:/UnrealStuff/FPSTest/Content/PickupContent/Armor/ArmorPickup_ncl1_1.uasset" 1903
"D:/UnrealStuff/FPSTest/Content/PickupContent/Armor/ArmorPickup_ncl1_1.uexp" 1904
"D:/UnrealStuff/FPSTest/Content/PickupContent/Armor/ArmorPickup1.uasset" 1905
"D:/UnrealStuff/FPSTest/Content/PickupContent/Armor/ArmorPickup1.uexp" 1906
"D:/UnrealStuff/FPSTest/Content/PickupContent/Armor/ArmorPickup.ubulk" 1907
"D:/UnrealStuff/FPSTest/Content/PickupContent/Armor/ArmorPickup.uasset" 1908
"D:/UnrealStuff/FPSTest/Content/PickupContent/Armor/ArmorPickup.uexp" 1909
"D:/UnrealStuff/FPSTest/Content/Pickups/Pickup_Armor.uasset" 1910
"D:/UnrealStuff/FPSTest/Content/Pickups/Pickup_Armor.uexp" 1911
"D:/UnrealStuff/FPSTest/Content/PickupContent/Ammo/AmmoShellsLarge_ncl1_1.uasset" 1912
"D:/UnrealStuff/FPSTest/Content/PickupContent/Ammo/AmmoShellsLarge_ncl1_1.uexp" 1913
"D:/UnrealStuff/FPSTest/Content/PickupContent/Ammo/AmmoShellsLarge1.uasset" 1914
"D:/UnrealStuff/FPSTest/Content/PickupContent/Ammo/AmmoShellsLarge1.uexp" 1915
"D:/UnrealStuff/FPSTest/Content/PickupContent/Ammo/AmmoShellsLarge.ubulk" 1916
"D:/UnrealStuff/FPSTest/Content/PickupContent/Ammo/AmmoShellsLarge.uasset" 1917
"D:/UnrealStuff/FPSTest/Content/PickupContent/Ammo/AmmoShellsLarge.uexp" 1918
"D:/UnrealStuff/FPSTest/Content/Pickups/Pickup_Shells_Large.uasset" 1919
"D:/UnrealStuff/FPSTest/Content/Pickups/Pickup_Shells_Large.uexp" 1920
"D:/UnrealStuff/FPSTest/Content/PickupContent/Ammo/AmmoShellsSmall_ncl1_1.uasset" 1921
"D:/UnrealStuff/FPSTest/Content/PickupContent/Ammo/AmmoShellsSmall_ncl1_1.uexp" 1922
"D:/UnrealStuff/FPSTest/Content/PickupContent/Ammo/AmmoShellsSmall1.uasset" 1923
"D:/UnrealStuff/FPSTest/Content/PickupContent/Ammo/AmmoShellsSmall1.uexp" 1924
"D:/UnrealStuff/FPSTest/Content/PickupContent/Ammo/AmmoShellsSmall.ubulk" 1925
"D:/UnrealStuff/FPSTest/Content/PickupContent/Ammo/AmmoShellsSmall.uasset" 1926
"D:/UnrealStuff/FPSTest/Content/PickupContent/Ammo/AmmoShellsSmall.uexp" 1927
"D:/UnrealStuff/FPSTest/Content/Pickups/Pickup_Shells_Small.uasset" 1928
"D:/UnrealStuff/FPSTest/Content/Pickups/Pickup_Shells_Small.uexp" 1929
"D:/UnrealStuff/FPSTest/Content/Weapons/Pickup_IonCannon.uasset" 1930
"D:/UnrealStuff/FPSTest/Content/Weapons/Pickup_IonCannon.uexp" 1931
"D:/UnrealStuff/FPSTest/Content/EnemyContent/ChaosShotgunner/chaosshotgunner_Skeleton.uasset" 1932
"D:/UnrealStuff/FPSTest/Content/EnemyContent/ChaosShotgunner/chaosshotgunner_Skeleton.uexp" 1933
"D:/UnrealStuff/FPSTest/Content/EnemyContent/ChaosShotgunner/chaosshotgunner_PhysicsAsset.uasset" 1934
"D:/UnrealStuff/FPSTest/Content/EnemyContent/ChaosShotgunner/chaosshotgunner_PhysicsAsset.uexp" 1935
"D:/UnrealStuff/FPSTest/Content/EnemyContent/ChaosShotgunner/chaosshotgunner_lowertorso_png.uasset" 1936
"D:/UnrealStuff/FPSTest/Content/EnemyContent/ChaosShotgunner/chaosshotgunner_lowertorso_png.uexp" 1937
"D:/UnrealStuff/FPSTest/Content/EnemyContent/ChaosShotgunner/chaosshotgunner_material_0.uasset" 1938
"D:/UnrealStuff/FPSTest/Content/EnemyContent/ChaosShotgunner/chaosshotgunner_material_0.uexp" 1939
"D:/UnrealStuff/FPSTest/Content/EnemyContent/ChaosShotgunner/chaosshotgunner_torso_png.uasset" 1940
"D:/UnrealStuff/FPSTest/Content/EnemyContent/ChaosShotgunner/chaosshotgunner_torso_png.uexp" 1941
"D:/UnrealStuff/FPSTest/Content/EnemyContent/ChaosShotgunner/chaosshotgunner_material_1.uasset" 1942
"D:/UnrealStuff/FPSTest/Content/EnemyContent/ChaosShotgunner/chaosshotgunner_material_1.uexp" 1943
"D:/UnrealStuff/FPSTest/Content/EnemyContent/ChaosShotgunner/chaosshotgunner_otherarm_png.uasset" 1944
"D:/UnrealStuff/FPSTest/Content/EnemyContent/ChaosShotgunner/chaosshotgunner_otherarm_png.uexp" 1945
"D:/UnrealStuff/FPSTest/Content/EnemyContent/ChaosShotgunner/chaosshotgunner_material_2.uasset" 1946
"D:/UnrealStuff/FPSTest/Content/EnemyContent/ChaosShotgunner/chaosshotgunner_material_2.uexp" 1947
"D:/UnrealStuff/FPSTest/Content/EnemyContent/ChaosShotgunner/chaosshotgunner_cutarm_png.uasset" 1948
"D:/UnrealStuff/FPSTest/Content/EnemyContent/ChaosShotgunner/chaosshotgunner_cutarm_png.uexp" 1949
"D:/UnrealStuff/FPSTest/Content/EnemyContent/ChaosShotgunner/chaosshotgunner_material_3.uasset" 1950
"D:/UnrealStuff/FPSTest/Content/EnemyContent/ChaosShotgunner/chaosshotgunner_material_3.uexp" 1951
"D:/UnrealStuff/FPSTest/Content/EnemyContent/ChaosShotgunner/chaosshotgunner_armcannon_png.uasset" 1952
"D:/UnrealStuff/FPSTest/Content/EnemyContent/ChaosShotgunner/chaosshotgunner_armcannon_png.uexp" 1953
"D:/UnrealStuff/FPSTest/Content/EnemyContent/ChaosShotgunner/chaosshotgunner_material_4.uasset" 1954
"D:/UnrealStuff/FPSTest/Content/EnemyContent/ChaosShotgunner/chaosshotgunner_material_4.uexp" 1955
"D:/UnrealStuff/FPSTest/Content/EnemyContent/ChaosShotgunner/chaosshotgunner_headtexture_png.uasset" 1956
"D:/UnrealStuff/FPSTest/Content/EnemyContent/ChaosShotgunner/chaosshotgunner_headtexture_png.uexp" 1957
"D:/UnrealStuff/FPSTest/Content/EnemyContent/ChaosShotgunner/chaosshotgunner_material_5.uasset" 1958
"D:/UnrealStuff/FPSTest/Content/EnemyContent/ChaosShotgunner/chaosshotgunner_material_5.uexp" 1959
"D:/UnrealStuff/FPSTest/Content/EnemyContent/ChaosShotgunner/chaosshotgunner_shoe_png.uasset" 1960
"D:/UnrealStuff/FPSTest/Content/EnemyContent/ChaosShotgunner/chaosshotgunner_shoe_png.uexp" 1961
"D:/UnrealStuff/FPSTest/Content/EnemyContent/ChaosShotgunner/chaosshotgunner_material_6.uasset" 1962
"D:/UnrealStuff/FPSTest/Content/EnemyContent/ChaosShotgunner/chaosshotgunner_material_6.uexp" 1963
"D:/UnrealStuff/FPSTest/Content/EnemyContent/ChaosShotgunner/chaosshotgunner_legtexture_png.uasset" 1964
"D:/UnrealStuff/FPSTest/Content/EnemyContent/ChaosShotgunner/chaosshotgunner_legtexture_png.uexp" 1965
"D:/UnrealStuff/FPSTest/Content/EnemyContent/ChaosShotgunner/chaosshotgunner_material_7.uasset" 1966
"D:/UnrealStuff/FPSTest/Content/EnemyContent/ChaosShotgunner/chaosshotgunner_material_7.uexp" 1967
"D:/UnrealStuff/FPSTest/Content/EnemyContent/ChaosShotgunner/chaosshotgunner.uasset" 1968
"D:/UnrealStuff/FPSTest/Content/EnemyContent/ChaosShotgunner/chaosshotgunner.uexp" 1969
"D:/UnrealStuff/FPSTest/Content/EnemyContent/ChaosShotgunner/die.uasset" 1970
"D:/UnrealStuff/FPSTest/Content/EnemyContent/ChaosShotgunner/die.uexp" 1971
"D:/UnrealStuff/FPSTest/Content/EnemyContent/ChaosShotgunner/walking.uasset" 1972
"D:/UnrealStuff/FPSTest/Content/EnemyContent/ChaosShotgunner/walking.uexp" 1973
"D:/UnrealStuff/FPSTest/Content/EnemyContent/ChaosShotgunner/idle.uasset" 1974
"D:/UnrealStuff/FPSTest/Content/EnemyContent/ChaosShotgunner/idle.uexp" 1975
"D:/UnrealStuff/FPSTest/Content/AnimBluePrints/ABP_ChaosShotgunner.uasset" 1976
"D:/UnrealStuff/FPSTest/Content/AnimBluePrints/ABP_ChaosShotgunner.uexp" 1977
"D:/UnrealStuff/FPSTest/Content/EnemyContent/ChaosShotgunner/attack.uasset" 1978
"D:/UnrealStuff/FPSTest/Content/EnemyContent/ChaosShotgunner/attack.uexp" 1979
"D:/UnrealStuff/FPSTest/Content/EnemyContent/ChaosShotgunner/chaosshotgunner_attack_montage.uasset" 1980
"D:/UnrealStuff/FPSTest/Content/EnemyContent/ChaosShotgunner/chaosshotgunner_attack_montage.uexp" 1981
"D:/UnrealStuff/FPSTest/Content/Enemies/ChaosShotgunner/BB_ChaosShotgunner.uasset" 1982
"D:/UnrealStuff/FPSTest/Content/Enemies/ChaosShotgunner/BB_ChaosShotgunner.uexp" 1983
"D:/UnrealStuff/FPSTest/Content/Enemies/ChaosShotgunner/BT_ChaosShotgunner.uasset" 1984
"D:/UnrealStuff/FPSTest/Content/Enemies/ChaosShotgunner/BT_ChaosShotgunner.uexp" 1985
"D:/UnrealStuff/FPSTest/Content/Enemies/ChaosShotgunner/AI_ChaosShotgunner.uasset" 1986
"D:/UnrealStuff/FPSTest/Content/Enemies/ChaosShotgunner/AI_ChaosShotgunner.uexp" 1987
"D:/UnrealStuff/FPSTest/Content/Enemies/ChaosShotgunner/BP_Enemy_ChaosShotgunner.uasset" 1988
"D:/UnrealStuff/FPSTest/Content/Enemies/ChaosShotgunner/BP_Enemy_ChaosShotgunner.uexp" 1989
"../../../Engine/Content/EngineMaterials/Substrate/GLints/AGlintTex2dArray.uasset" 1990
"../../../Engine/Content/EngineMaterials/Substrate/GLints/AGlintTex2dArray.uexp" 1991
"../../../Engine/Content/EngineFonts/Faces/RobotoLight.uexp" 1992
"../../../Engine/Content/EngineFonts/Faces/RobotoLight.uasset" 1993
"../../../Engine/Content/EngineFonts/Faces/RobotoLight.ufont" 1994
"../../../Engine/Content/EngineFonts/Faces/RobotoBold.uexp" 1995
"../../../Engine/Content/EngineFonts/Faces/RobotoBold.uasset" 1996
"../../../Engine/Content/EngineFonts/Faces/RobotoBold.ufont" 1997
"../../../Engine/Content/EngineFonts/Faces/RobotoRegular.uexp" 1998
"../../../Engine/Content/EngineFonts/Faces/RobotoRegular.uasset" 1999
"../../../Engine/Content/EngineFonts/Faces/RobotoRegular.ufont" 2000
"../../../Engine/Content/EngineFonts/Faces/DroidSansFallback.uexp" 2001
"../../../Engine/Content/EngineFonts/Faces/DroidSansFallback.uasset" 2002
"../../../Engine/Content/EngineFonts/Faces/DroidSansFallback.ufont" 2003
"../../../Engine/Content/EngineFonts/Faces/RobotoItalic.uexp" 2004
"../../../Engine/Content/EngineFonts/Faces/RobotoItalic.uasset" 2005
"../../../Engine/Content/EngineFonts/Faces/RobotoItalic.ufont" 2006
"../../../Engine/Content/EngineFonts/Faces/RobotoBoldItalic.uexp" 2007
"../../../Engine/Content/EngineFonts/Faces/RobotoBoldItalic.uasset" 2008
"../../../Engine/Content/EngineFonts/Faces/RobotoBoldItalic.ufont" 2009
"../../../Engine/Content/EngineFonts/Roboto.uasset" 2010
"../../../Engine/Content/EngineFonts/Roboto.uexp" 2011
"../../../Engine/Content/EngineDebugMaterials/VolumeToRender.uasset" 2012
"../../../Engine/Content/EngineDebugMaterials/VolumeToRender.uexp" 2013
"../../../Engine/Content/EngineDebugMaterials/M_VolumeRenderSphereTracePP.uasset" 2014
"../../../Engine/Content/EngineDebugMaterials/M_VolumeRenderSphereTracePP.uexp" 2015
"../../../Engine/Content/EngineDebugMaterials/M_SimpleUnlitTranslucent.uasset" 2016
"../../../Engine/Content/EngineDebugMaterials/M_SimpleUnlitTranslucent.uexp" 2017
"../../../Engine/Content/EngineDebugMaterials/DebugMeshMaterial.uasset" 2018
"../../../Engine/Content/EngineDebugMaterials/DebugMeshMaterial.uexp" 2019
"../../../Engine/Content/EngineDebugMaterials/DebugEditorMaterial.uasset" 2020
"../../../Engine/Content/EngineDebugMaterials/DebugEditorMaterial.uexp" 2021
"../../../Engine/Content/EngineDamageTypes/DmgTypeBP_Environmental.uasset" 2022
"../../../Engine/Content/EngineDamageTypes/DmgTypeBP_Environmental.uexp" 2023
"../../../Engine/Content/EditorResources/S_Terrain.ubulk" 2024
"../../../Engine/Content/EditorResources/S_Terrain.uasset" 2025
"../../../Engine/Content/EditorResources/S_Terrain.uexp" 2026
"../../../Engine/Content/EditorResources/EmptyActor.uasset" 2027
"../../../Engine/Content/EditorResources/EmptyActor.uexp" 2028
"../../../Engine/Content/EditorResources/BSPVertex.uasset" 2029
"../../../Engine/Content/EditorResources/BSPVertex.uexp" 2030
"../../../Engine/Content/EditorResources/SequenceRecorder/RecordingIndicator.uasset" 2031
"../../../Engine/Content/EditorResources/SequenceRecorder/RecordingIndicator.uexp" 2032
"../../../Engine/Content/EditorResources/SequenceRecorder/Countdown.uasset" 2033
"../../../Engine/Content/EditorResources/SequenceRecorder/Countdown.uexp" 2034
"../../../Engine/Content/EditorMaterials/PreviewShadowIndicator.ubulk" 2035
"../../../Engine/Content/EditorMaterials/PreviewShadowIndicator.uasset" 2036
"../../../Engine/Content/EditorMaterials/PreviewShadowIndicator.uexp" 2037
"../../../Engine/Content/EditorMaterials/PreviewShadowIndicatorMaterial.uasset" 2038
"../../../Engine/Content/EditorMaterials/PreviewShadowIndicatorMaterial.uexp" 2039
"../../../Engine/Content/EditorMaterials/PhAT_UnselectedMaterial.uasset" 2040
"../../../Engine/Content/EditorMaterials/PhAT_UnselectedMaterial.uexp" 2041
"../../../Engine/Content/EditorMaterials/PhAT_NoCollisionMaterial.uasset" 2042
"../../../Engine/Content/EditorMaterials/PhAT_NoCollisionMaterial.uexp" 2043
"../../../Engine/Content/EditorMaterials/Dataflow/DataflowVertexMaterial.uasset" 2044
"../../../Engine/Content/EditorMaterials/Dataflow/DataflowVertexMaterial.uexp" 2045
"../../../Engine/Content/EditorLandscapeResources/DefaultAlphaTexture.uasset" 2046
"../../../Engine/Content/EditorLandscapeResources/DefaultAlphaTexture.uexp" 2047
"../../../Engine/Content/EditorLandscapeResources/DataLayer.uasset" 2048
"../../../Engine/Content/EditorLandscapeResources/DataLayer.uexp" 2049
"../../../Engine/Content/EngineMaterials/DefaultMaterial.uasset" 2050
"../../../Engine/Content/EngineMaterials/DefaultMaterial.uexp" 2051
"../../../Engine/Content/BasicShapes/Sphere.ubulk" 2052
"../../../Engine/Content/BasicShapes/Sphere.uasset" 2053
"../../../Engine/Content/BasicShapes/Sphere.uexp" 2054
"../../../Engine/Content/BasicShapes/Plane.ubulk" 2055
"../../../Engine/Content/BasicShapes/Plane.uasset" 2056
"../../../Engine/Content/BasicShapes/Plane.uexp" 2057
"../../../Engine/Content/BasicShapes/Cylinder.ubulk" 2058
"../../../Engine/Content/BasicShapes/Cylinder.uasset" 2059
"../../../Engine/Content/BasicShapes/Cylinder.uexp" 2060
"../../../Engine/Content/BasicShapes/Cone.ubulk" 2061
"../../../Engine/Content/BasicShapes/Cone.uasset" 2062
"../../../Engine/Content/BasicShapes/Cone.uexp" 2063
"../../../Engine/Content/BasicShapes/BasicShapeMaterial.uasset" 2064
"../../../Engine/Content/BasicShapes/BasicShapeMaterial.uexp" 2065
"D:/UnrealStuff/FPSTest/Content/UI/UI_Title.uasset" 2066
"D:/UnrealStuff/FPSTest/Content/UI/UI_Title.uexp" 2067
"D:/UnrealStuff/FPSTest/Content/UI/ui_titlebackground.uasset" 2068
"D:/UnrealStuff/FPSTest/Content/UI/ui_titlebackground.uexp" 2069
"D:/UnrealStuff/FPSTest/Content/UI/UI_TitleScreen.uasset" 2070
"D:/UnrealStuff/FPSTest/Content/UI/UI_TitleScreen.uexp" 2071
"D:/UnrealStuff/FPSTest/Content/Maps/MenuGamemode.uasset" 2072
"D:/UnrealStuff/FPSTest/Content/Maps/MenuGamemode.uexp" 2073
"D:/UnrealStuff/FPSTest/Content/Maps/Menu.uexp" 2074
"D:/UnrealStuff/FPSTest/Content/Maps/Menu.umap" 2075
"D:/UnrealStuff/FPSTest/Content/UI/ui_intermissionscreen.uasset" 2076
"D:/UnrealStuff/FPSTest/Content/UI/ui_intermissionscreen.uexp" 2077
"D:/UnrealStuff/FPSTest/Content/UI/UI_Intermission.uasset" 2078
"D:/UnrealStuff/FPSTest/Content/UI/UI_Intermission.uexp" 2079
"D:/UnrealStuff/FPSTest/Content/Maps/IntermissionGamemode.uasset" 2080
"D:/UnrealStuff/FPSTest/Content/Maps/IntermissionGamemode.uexp" 2081
"D:/UnrealStuff/FPSTest/Content/Maps/Intermission.uexp" 2082
"D:/UnrealStuff/FPSTest/Content/Maps/Intermission.umap" 2083
"D:/UnrealStuff/FPSTest/Content/StarterContent/Textures/T_Frame_M.ubulk" 2084
"D:/UnrealStuff/FPSTest/Content/StarterContent/Textures/T_Frame_M.uasset" 2085
"D:/UnrealStuff/FPSTest/Content/StarterContent/Textures/T_Frame_M.uexp" 2086
"D:/UnrealStuff/FPSTest/Content/StarterContent/Textures/T_Frame_N.ubulk" 2087
"D:/UnrealStuff/FPSTest/Content/StarterContent/Textures/T_Frame_N.uasset" 2088
"D:/UnrealStuff/FPSTest/Content/StarterContent/Textures/T_Frame_N.uexp" 2089
"D:/UnrealStuff/FPSTest/Content/StarterContent/Props/Materials/M_Frame.uasset" 2090
"D:/UnrealStuff/FPSTest/Content/StarterContent/Props/Materials/M_Frame.uexp" 2091
"D:/UnrealStuff/FPSTest/Content/StarterContent/Props/SM_DoorFrame.ubulk" 2092
"D:/UnrealStuff/FPSTest/Content/StarterContent/Props/SM_DoorFrame.uasset" 2093
"D:/UnrealStuff/FPSTest/Content/StarterContent/Props/SM_DoorFrame.uexp" 2094
"D:/UnrealStuff/FPSTest/Content/StarterContent/Textures/T_MacroVariation.uasset" 2095
"D:/UnrealStuff/FPSTest/Content/StarterContent/Textures/T_MacroVariation.uexp" 2096
"D:/UnrealStuff/FPSTest/Content/StarterContent/Materials/M_Metal_Brushed_Nickel.uasset" 2097
"D:/UnrealStuff/FPSTest/Content/StarterContent/Materials/M_Metal_Brushed_Nickel.uexp" 2098
"D:/UnrealStuff/FPSTest/Content/StarterContent/Textures/T_Lamp_N.ubulk" 2099
"D:/UnrealStuff/FPSTest/Content/StarterContent/Textures/T_Lamp_N.uasset" 2100
"D:/UnrealStuff/FPSTest/Content/StarterContent/Textures/T_Lamp_N.uexp" 2101
"D:/UnrealStuff/FPSTest/Content/StarterContent/Textures/T_Lamp_M.ubulk" 2102
"D:/UnrealStuff/FPSTest/Content/StarterContent/Textures/T_Lamp_M.uasset" 2103
"D:/UnrealStuff/FPSTest/Content/StarterContent/Textures/T_Lamp_M.uexp" 2104
"D:/UnrealStuff/FPSTest/Content/StarterContent/Props/Materials/M_Lamp.uasset" 2105
"D:/UnrealStuff/FPSTest/Content/StarterContent/Props/Materials/M_Lamp.uexp" 2106
"D:/UnrealStuff/FPSTest/Content/StarterContent/Props/SM_Lamp_Ceiling.ubulk" 2107
"D:/UnrealStuff/FPSTest/Content/StarterContent/Props/SM_Lamp_Ceiling.uasset" 2108
"D:/UnrealStuff/FPSTest/Content/StarterContent/Props/SM_Lamp_Ceiling.uexp" 2109
"D:/UnrealStuff/FPSTest/Content/StarterContent/Blueprints/Blueprint_CeilingLight.uasset" 2110
"D:/UnrealStuff/FPSTest/Content/StarterContent/Blueprints/Blueprint_CeilingLight.uexp" 2111
"../../../Engine/Content/Functions/Engine_MaterialFunctions03/Procedurals/ComputeFilterWidth.uasset" 2112
"../../../Engine/Content/Functions/Engine_MaterialFunctions03/Procedurals/ComputeFilterWidth.uexp" 2113
"../../../Engine/Content/EngineMaterials/AntiAliasedTextMaterialTranslucent.uasset" 2114
"../../../Engine/Content/EngineMaterials/AntiAliasedTextMaterialTranslucent.uexp" 2115
"D:/UnrealStuff/FPSTest/Content/StarterContent/Architecture/Wall_Door_400x300.ubulk" 2116
"D:/UnrealStuff/FPSTest/Content/StarterContent/Architecture/Wall_Door_400x300.uasset" 2117
"D:/UnrealStuff/FPSTest/Content/StarterContent/Architecture/Wall_Door_400x300.uexp" 2118
"D:/UnrealStuff/FPSTest/Content/StarterContent/Textures/T_Wood_Pine_D.ubulk" 2119
"D:/UnrealStuff/FPSTest/Content/StarterContent/Textures/T_Wood_Pine_D.uasset" 2120
"D:/UnrealStuff/FPSTest/Content/StarterContent/Textures/T_Wood_Pine_D.uexp" 2121
"D:/UnrealStuff/FPSTest/Content/StarterContent/Textures/T_Wood_Pine_N.ubulk" 2122
"D:/UnrealStuff/FPSTest/Content/StarterContent/Textures/T_Wood_Pine_N.uasset" 2123
"D:/UnrealStuff/FPSTest/Content/StarterContent/Textures/T_Wood_Pine_N.uexp" 2124
"D:/UnrealStuff/FPSTest/Content/StarterContent/Textures/T_Perlin_Noise_M.ubulk" 2125
"D:/UnrealStuff/FPSTest/Content/StarterContent/Textures/T_Perlin_Noise_M.uasset" 2126
"D:/UnrealStuff/FPSTest/Content/StarterContent/Textures/T_Perlin_Noise_M.uexp" 2127
"D:/UnrealStuff/FPSTest/Content/StarterContent/Materials/M_Wood_Pine.uasset" 2128
"D:/UnrealStuff/FPSTest/Content/StarterContent/Materials/M_Wood_Pine.uexp" 2129
"D:/UnrealStuff/FPSTest/Content/StarterContent/Textures/T_Rock_Smooth_Granite_D.ubulk" 2130
"D:/UnrealStuff/FPSTest/Content/StarterContent/Textures/T_Rock_Smooth_Granite_D.uasset" 2131
"D:/UnrealStuff/FPSTest/Content/StarterContent/Textures/T_Rock_Smooth_Granite_D.uexp" 2132
"D:/UnrealStuff/FPSTest/Content/StarterContent/Textures/T_CobbleStone_Smooth_D.ubulk" 2133
"D:/UnrealStuff/FPSTest/Content/StarterContent/Textures/T_CobbleStone_Smooth_D.uasset" 2134
"D:/UnrealStuff/FPSTest/Content/StarterContent/Textures/T_CobbleStone_Smooth_D.uexp" 2135
"D:/UnrealStuff/FPSTest/Content/StarterContent/Textures/T_Gradinet_01.ubulk" 2136
"D:/UnrealStuff/FPSTest/Content/StarterContent/Textures/T_Gradinet_01.uasset" 2137
"D:/UnrealStuff/FPSTest/Content/StarterContent/Textures/T_Gradinet_01.uexp" 2138
"D:/UnrealStuff/FPSTest/Content/StarterContent/Textures/T_CobbleStone_Smooth_M.ubulk" 2139
"D:/UnrealStuff/FPSTest/Content/StarterContent/Textures/T_CobbleStone_Smooth_M.uasset" 2140
"D:/UnrealStuff/FPSTest/Content/StarterContent/Textures/T_CobbleStone_Smooth_M.uexp" 2141
"D:/UnrealStuff/FPSTest/Content/StarterContent/Textures/T_CobbleStone_Smooth_N.ubulk" 2142
"D:/UnrealStuff/FPSTest/Content/StarterContent/Textures/T_CobbleStone_Smooth_N.uasset" 2143
"D:/UnrealStuff/FPSTest/Content/StarterContent/Textures/T_CobbleStone_Smooth_N.uexp" 2144
"D:/UnrealStuff/FPSTest/Content/StarterContent/Materials/M_CobbleStone_Smooth.uasset" 2145
"D:/UnrealStuff/FPSTest/Content/StarterContent/Materials/M_CobbleStone_Smooth.uexp" 2146
"D:/UnrealStuff/FPSTest/Content/StarterContent/Textures/T_Rock_Basalt_N.ubulk" 2147
"D:/UnrealStuff/FPSTest/Content/StarterContent/Textures/T_Rock_Basalt_N.uasset" 2148
"D:/UnrealStuff/FPSTest/Content/StarterContent/Textures/T_Rock_Basalt_N.uexp" 2149
"D:/UnrealStuff/FPSTest/Content/StarterContent/Materials/M_Rock_Basalt.uasset" 2150
"D:/UnrealStuff/FPSTest/Content/StarterContent/Materials/M_Rock_Basalt.uexp" 2151
"D:/UnrealStuff/FPSTest/Content/StarterContent/Shapes/Shape_Cube.ubulk" 2152
"D:/UnrealStuff/FPSTest/Content/StarterContent/Shapes/Shape_Cube.uasset" 2153
"D:/UnrealStuff/FPSTest/Content/StarterContent/Shapes/Shape_Cube.uexp" 2154
"D:/UnrealStuff/FPSTest/Content/StarterContent/Textures/T_Concrete_Tiles_Variation_M.ubulk" 2155
"D:/UnrealStuff/FPSTest/Content/StarterContent/Textures/T_Concrete_Tiles_Variation_M.uasset" 2156
"D:/UnrealStuff/FPSTest/Content/StarterContent/Textures/T_Concrete_Tiles_Variation_M.uexp" 2157
"D:/UnrealStuff/FPSTest/Content/StarterContent/Textures/T_Concrete_Tiles_D.ubulk" 2158
"D:/UnrealStuff/FPSTest/Content/StarterContent/Textures/T_Concrete_Tiles_D.uasset" 2159
"D:/UnrealStuff/FPSTest/Content/StarterContent/Textures/T_Concrete_Tiles_D.uexp" 2160
"D:/UnrealStuff/FPSTest/Content/StarterContent/Textures/T_Concrete_Tiles_M.ubulk" 2161
"D:/UnrealStuff/FPSTest/Content/StarterContent/Textures/T_Concrete_Tiles_M.uasset" 2162
"D:/UnrealStuff/FPSTest/Content/StarterContent/Textures/T_Concrete_Tiles_M.uexp" 2163
"D:/UnrealStuff/FPSTest/Content/StarterContent/Textures/T_Concrete_Tiles_N.ubulk" 2164
"D:/UnrealStuff/FPSTest/Content/StarterContent/Textures/T_Concrete_Tiles_N.uasset" 2165
"D:/UnrealStuff/FPSTest/Content/StarterContent/Textures/T_Concrete_Tiles_N.uexp" 2166
"D:/UnrealStuff/FPSTest/Content/StarterContent/Materials/M_Concrete_Tiles.uasset" 2167
"D:/UnrealStuff/FPSTest/Content/StarterContent/Materials/M_Concrete_Tiles.uexp" 2168
"D:/UnrealStuff/FPSTest/Content/StarterContent/Props/MaterialSphere.ubulk" 2169
"D:/UnrealStuff/FPSTest/Content/StarterContent/Props/MaterialSphere.uasset" 2170
"D:/UnrealStuff/FPSTest/Content/StarterContent/Props/MaterialSphere.uexp" 2171
"D:/UnrealStuff/FPSTest/Content/StarterContent/Textures/T_Metal_Rust_N.ubulk" 2172
"D:/UnrealStuff/FPSTest/Content/StarterContent/Textures/T_Metal_Rust_N.uasset" 2173
"D:/UnrealStuff/FPSTest/Content/StarterContent/Textures/T_Metal_Rust_N.uexp" 2174
"D:/UnrealStuff/FPSTest/Content/StarterContent/Textures/T_Metal_Rust_D.ubulk" 2175
"D:/UnrealStuff/FPSTest/Content/StarterContent/Textures/T_Metal_Rust_D.uasset" 2176
"D:/UnrealStuff/FPSTest/Content/StarterContent/Textures/T_Metal_Rust_D.uexp" 2177
"D:/UnrealStuff/FPSTest/Content/StarterContent/Materials/M_Metal_Rust.uasset" 2178
"D:/UnrealStuff/FPSTest/Content/StarterContent/Materials/M_Metal_Rust.uexp" 2179
"D:/UnrealStuff/FPSTest/Content/StarterContent/Textures/T_Rock_Slate_D.ubulk" 2180
"D:/UnrealStuff/FPSTest/Content/StarterContent/Textures/T_Rock_Slate_D.uasset" 2181
"D:/UnrealStuff/FPSTest/Content/StarterContent/Textures/T_Rock_Slate_D.uexp" 2182
"D:/UnrealStuff/FPSTest/Content/StarterContent/Textures/T_Rock_Slate_N.ubulk" 2183
"D:/UnrealStuff/FPSTest/Content/StarterContent/Textures/T_Rock_Slate_N.uasset" 2184
"D:/UnrealStuff/FPSTest/Content/StarterContent/Textures/T_Rock_Slate_N.uexp" 2185
"D:/UnrealStuff/FPSTest/Content/StarterContent/Materials/M_Rock_Slate.uasset" 2186
"D:/UnrealStuff/FPSTest/Content/StarterContent/Materials/M_Rock_Slate.uexp" 2187
"D:/UnrealStuff/FPSTest/Content/StarterContent/Textures/T_Concrete_Poured_D.ubulk" 2188
"D:/UnrealStuff/FPSTest/Content/StarterContent/Textures/T_Concrete_Poured_D.uasset" 2189
"D:/UnrealStuff/FPSTest/Content/StarterContent/Textures/T_Concrete_Poured_D.uexp" 2190
"D:/UnrealStuff/FPSTest/Content/StarterContent/Textures/T_Concrete_Poured_N.ubulk" 2191
"D:/UnrealStuff/FPSTest/Content/StarterContent/Textures/T_Concrete_Poured_N.uasset" 2192
"D:/UnrealStuff/FPSTest/Content/StarterContent/Textures/T_Concrete_Poured_N.uexp" 2193
"D:/UnrealStuff/FPSTest/Content/StarterContent/Materials/M_Concrete_Poured.uasset" 2194
"D:/UnrealStuff/FPSTest/Content/StarterContent/Materials/M_Concrete_Poured.uexp" 2195
"D:/UnrealStuff/FPSTest/Content/StarterContent/Textures/T_Brick_Clay_Beveled_M.ubulk" 2196
"D:/UnrealStuff/FPSTest/Content/StarterContent/Textures/T_Brick_Clay_Beveled_M.uasset" 2197
"D:/UnrealStuff/FPSTest/Content/StarterContent/Textures/T_Brick_Clay_Beveled_M.uexp" 2198
"D:/UnrealStuff/FPSTest/Content/StarterContent/Textures/T_Brick_Clay_Beveled_N.ubulk" 2199
"D:/UnrealStuff/FPSTest/Content/StarterContent/Textures/T_Brick_Clay_Beveled_N.uasset" 2200
"D:/UnrealStuff/FPSTest/Content/StarterContent/Textures/T_Brick_Clay_Beveled_N.uexp" 2201
"D:/UnrealStuff/FPSTest/Content/StarterContent/Textures/T_Brick_Clay_Beveled_D.ubulk" 2202
"D:/UnrealStuff/FPSTest/Content/StarterContent/Textures/T_Brick_Clay_Beveled_D.uasset" 2203
"D:/UnrealStuff/FPSTest/Content/StarterContent/Textures/T_Brick_Clay_Beveled_D.uexp" 2204
"D:/UnrealStuff/FPSTest/Content/StarterContent/Materials/M_Brick_Clay_Beveled.uasset" 2205
"D:/UnrealStuff/FPSTest/Content/StarterContent/Materials/M_Brick_Clay_Beveled.uexp" 2206
"D:/UnrealStuff/FPSTest/Content/StarterContent/Textures/T_Tech_Hex_Tile_M.ubulk" 2207
"D:/UnrealStuff/FPSTest/Content/StarterContent/Textures/T_Tech_Hex_Tile_M.uasset" 2208
"D:/UnrealStuff/FPSTest/Content/StarterContent/Textures/T_Tech_Hex_Tile_M.uexp" 2209
"D:/UnrealStuff/FPSTest/Content/StarterContent/Textures/T_Tech_Hex_Tile_N.ubulk" 2210
"D:/UnrealStuff/FPSTest/Content/StarterContent/Textures/T_Tech_Hex_Tile_N.uasset" 2211
"D:/UnrealStuff/FPSTest/Content/StarterContent/Textures/T_Tech_Hex_Tile_N.uexp" 2212
"D:/UnrealStuff/FPSTest/Content/StarterContent/Materials/M_Tech_Hex_Tile.uasset" 2213
"D:/UnrealStuff/FPSTest/Content/StarterContent/Materials/M_Tech_Hex_Tile.uexp" 2214
"../../../Engine/Content/Functions/Engine_MaterialFunctions01/Opacity/AlphaOffset.uasset" 2215
"../../../Engine/Content/Functions/Engine_MaterialFunctions01/Opacity/AlphaOffset.uexp" 2216
"D:/UnrealStuff/FPSTest/Content/StarterContent/Textures/T_Wood_Floor_Walnut_M.ubulk" 2217
"D:/UnrealStuff/FPSTest/Content/StarterContent/Textures/T_Wood_Floor_Walnut_M.uasset" 2218
"D:/UnrealStuff/FPSTest/Content/StarterContent/Textures/T_Wood_Floor_Walnut_M.uexp" 2219
"D:/UnrealStuff/FPSTest/Content/StarterContent/Textures/T_Wood_Floor_Walnut_D.ubulk" 2220
"D:/UnrealStuff/FPSTest/Content/StarterContent/Textures/T_Wood_Floor_Walnut_D.uasset" 2221
"D:/UnrealStuff/FPSTest/Content/StarterContent/Textures/T_Wood_Floor_Walnut_D.uexp" 2222
"D:/UnrealStuff/FPSTest/Content/StarterContent/Textures/T_Wood_Floor_Walnut_N.ubulk" 2223
"D:/UnrealStuff/FPSTest/Content/StarterContent/Textures/T_Wood_Floor_Walnut_N.uasset" 2224
"D:/UnrealStuff/FPSTest/Content/StarterContent/Textures/T_Wood_Floor_Walnut_N.uexp" 2225
"D:/UnrealStuff/FPSTest/Content/StarterContent/Materials/M_Wood_Floor_Walnut_Worn.uasset" 2226
"D:/UnrealStuff/FPSTest/Content/StarterContent/Materials/M_Wood_Floor_Walnut_Worn.uexp" 2227
"D:/UnrealStuff/FPSTest/Content/StarterContent/Textures/T_Ground_Gravel_N.ubulk" 2228
"D:/UnrealStuff/FPSTest/Content/StarterContent/Textures/T_Ground_Gravel_N.uasset" 2229
"D:/UnrealStuff/FPSTest/Content/StarterContent/Textures/T_Ground_Gravel_N.uexp" 2230
"D:/UnrealStuff/FPSTest/Content/StarterContent/Textures/T_Ground_Gravel_D.ubulk" 2231
"D:/UnrealStuff/FPSTest/Content/StarterContent/Textures/T_Ground_Gravel_D.uasset" 2232
"D:/UnrealStuff/FPSTest/Content/StarterContent/Textures/T_Ground_Gravel_D.uexp" 2233
"D:/UnrealStuff/FPSTest/Content/StarterContent/Materials/M_Ground_Gravel.uasset" 2234
"D:/UnrealStuff/FPSTest/Content/StarterContent/Materials/M_Ground_Gravel.uexp" 2235
"D:/UnrealStuff/FPSTest/Content/StarterContent/Audio/Steam01_Cue.uasset" 2236
"D:/UnrealStuff/FPSTest/Content/StarterContent/Audio/Steam01_Cue.uexp" 2237
"D:/UnrealStuff/FPSTest/Content/StarterContent/Particles/P_Steam_Lit.uasset" 2238
"D:/UnrealStuff/FPSTest/Content/StarterContent/Particles/P_Steam_Lit.uexp" 2239
"D:/UnrealStuff/FPSTest/Content/StarterContent/Blueprints/Blueprint_Effect_Steam.uasset" 2240
"D:/UnrealStuff/FPSTest/Content/StarterContent/Blueprints/Blueprint_Effect_Steam.uexp" 2241
"D:/UnrealStuff/FPSTest/Content/StarterContent/Audio/Fire_Sparks01_Cue.uasset" 2242
"D:/UnrealStuff/FPSTest/Content/StarterContent/Audio/Fire_Sparks01_Cue.uexp" 2243
"D:/UnrealStuff/FPSTest/Content/StarterContent/Textures/T_Spark_Core.ubulk" 2244
"D:/UnrealStuff/FPSTest/Content/StarterContent/Textures/T_Spark_Core.uasset" 2245
"D:/UnrealStuff/FPSTest/Content/StarterContent/Textures/T_Spark_Core.uexp" 2246
"D:/UnrealStuff/FPSTest/Content/StarterContent/Particles/Materials/M_Spark.uasset" 2247
"D:/UnrealStuff/FPSTest/Content/StarterContent/Particles/Materials/M_Spark.uexp" 2248
"D:/UnrealStuff/FPSTest/Content/StarterContent/Particles/Materials/M_Radial_Gradient.uasset" 2249
"D:/UnrealStuff/FPSTest/Content/StarterContent/Particles/Materials/M_Radial_Gradient.uexp" 2250
"D:/UnrealStuff/FPSTest/Content/StarterContent/Particles/P_Sparks.uasset" 2251
"D:/UnrealStuff/FPSTest/Content/StarterContent/Particles/P_Sparks.uexp" 2252
"D:/UnrealStuff/FPSTest/Content/StarterContent/Blueprints/Blueprint_Effect_Sparks.uasset" 2253
"D:/UnrealStuff/FPSTest/Content/StarterContent/Blueprints/Blueprint_Effect_Sparks.uexp" 2254
"D:/UnrealStuff/FPSTest/Content/StarterContent/Textures/T_Water_N.ubulk" 2255
"D:/UnrealStuff/FPSTest/Content/StarterContent/Textures/T_Water_N.uasset" 2256
"D:/UnrealStuff/FPSTest/Content/StarterContent/Textures/T_Water_N.uexp" 2257
"D:/UnrealStuff/FPSTest/Content/StarterContent/Materials/M_Water_Lake.uasset" 2258
"D:/UnrealStuff/FPSTest/Content/StarterContent/Materials/M_Water_Lake.uexp" 2259
"D:/UnrealStuff/FPSTest/Content/StarterContent/Architecture/Wall_400x200.ubulk" 2260
"D:/UnrealStuff/FPSTest/Content/StarterContent/Architecture/Wall_400x200.uasset" 2261
"D:/UnrealStuff/FPSTest/Content/StarterContent/Architecture/Wall_400x200.uexp" 2262
"D:/UnrealStuff/FPSTest/Content/StarterContent/Textures/T_Checker_Noise_M.ubulk" 2263
"D:/UnrealStuff/FPSTest/Content/StarterContent/Textures/T_Checker_Noise_M.uasset" 2264
"D:/UnrealStuff/FPSTest/Content/StarterContent/Textures/T_Checker_Noise_M.uexp" 2265
"D:/UnrealStuff/FPSTest/Content/StarterContent/Textures/T_Tech_Dot_M.ubulk" 2266
"D:/UnrealStuff/FPSTest/Content/StarterContent/Textures/T_Tech_Dot_M.uasset" 2267
"D:/UnrealStuff/FPSTest/Content/StarterContent/Textures/T_Tech_Dot_M.uexp" 2268
"D:/UnrealStuff/FPSTest/Content/StarterContent/Textures/T_Tech_Dot_N.ubulk" 2269
"D:/UnrealStuff/FPSTest/Content/StarterContent/Textures/T_Tech_Dot_N.uasset" 2270
"D:/UnrealStuff/FPSTest/Content/StarterContent/Textures/T_Tech_Dot_N.uexp" 2271
"D:/UnrealStuff/FPSTest/Content/StarterContent/Textures/T_Single_Tile_N.ubulk" 2272
"D:/UnrealStuff/FPSTest/Content/StarterContent/Textures/T_Single_Tile_N.uasset" 2273
"D:/UnrealStuff/FPSTest/Content/StarterContent/Textures/T_Single_Tile_N.uexp" 2274
"D:/UnrealStuff/FPSTest/Content/StarterContent/Materials/M_Tech_Checker_Dot.uasset" 2275
"D:/UnrealStuff/FPSTest/Content/StarterContent/Materials/M_Tech_Checker_Dot.uexp" 2276
"D:/UnrealStuff/FPSTest/Content/StarterContent/Architecture/Floor_400x400.ubulk" 2277
"D:/UnrealStuff/FPSTest/Content/StarterContent/Architecture/Floor_400x400.uasset" 2278
"D:/UnrealStuff/FPSTest/Content/StarterContent/Architecture/Floor_400x400.uexp" 2279
"D:/UnrealStuff/FPSTest/Content/StarterContent/Props/SM_GlassWindow.ubulk" 2280
"D:/UnrealStuff/FPSTest/Content/StarterContent/Props/SM_GlassWindow.uasset" 2281
"D:/UnrealStuff/FPSTest/Content/StarterContent/Props/SM_GlassWindow.uexp" 2282
"D:/UnrealStuff/FPSTest/Content/StarterContent/Textures/T_Metal_Gold_N.ubulk" 2283
"D:/UnrealStuff/FPSTest/Content/StarterContent/Textures/T_Metal_Gold_N.uasset" 2284
"D:/UnrealStuff/FPSTest/Content/StarterContent/Textures/T_Metal_Gold_N.uexp" 2285
"D:/UnrealStuff/FPSTest/Content/StarterContent/Textures/T_Rock_Marble_Polished_D.ubulk" 2286
"D:/UnrealStuff/FPSTest/Content/StarterContent/Textures/T_Rock_Marble_Polished_D.uasset" 2287
"D:/UnrealStuff/FPSTest/Content/StarterContent/Textures/T_Rock_Marble_Polished_D.uexp" 2288
"D:/UnrealStuff/FPSTest/Content/StarterContent/Materials/M_Rock_Marble_Polished.uasset" 2289
"D:/UnrealStuff/FPSTest/Content/StarterContent/Materials/M_Rock_Marble_Polished.uexp" 2290
"D:/UnrealStuff/FPSTest/Content/StarterContent/Textures/T_Concrete_Grime_D.ubulk" 2291
"D:/UnrealStuff/FPSTest/Content/StarterContent/Textures/T_Concrete_Grime_D.uasset" 2292
"D:/UnrealStuff/FPSTest/Content/StarterContent/Textures/T_Concrete_Grime_D.uexp" 2293
"D:/UnrealStuff/FPSTest/Content/StarterContent/Materials/M_Concrete_Grime.uasset" 2294
"D:/UnrealStuff/FPSTest/Content/StarterContent/Materials/M_Concrete_Grime.uexp" 2295
"D:/UnrealStuff/FPSTest/Content/StarterContent/Textures/T_Ceramic_Tile_M.ubulk" 2296
"D:/UnrealStuff/FPSTest/Content/StarterContent/Textures/T_Ceramic_Tile_M.uasset" 2297
"D:/UnrealStuff/FPSTest/Content/StarterContent/Textures/T_Ceramic_Tile_M.uexp" 2298
"D:/UnrealStuff/FPSTest/Content/StarterContent/Textures/T_Ceramic_Tile_N.ubulk" 2299
"D:/UnrealStuff/FPSTest/Content/StarterContent/Textures/T_Ceramic_Tile_N.uasset" 2300
"D:/UnrealStuff/FPSTest/Content/StarterContent/Textures/T_Ceramic_Tile_N.uexp" 2301
"D:/UnrealStuff/FPSTest/Content/StarterContent/Materials/M_Ceramic_Tile_Checker.uasset" 2302
"D:/UnrealStuff/FPSTest/Content/StarterContent/Materials/M_Ceramic_Tile_Checker.uexp" 2303
"D:/UnrealStuff/FPSTest/Content/StarterContent/Textures/T_Rock_Sandstone_N.ubulk" 2304
"D:/UnrealStuff/FPSTest/Content/StarterContent/Textures/T_Rock_Sandstone_N.uasset" 2305
"D:/UnrealStuff/FPSTest/Content/StarterContent/Textures/T_Rock_Sandstone_N.uexp" 2306
"D:/UnrealStuff/FPSTest/Content/StarterContent/Textures/T_Rock_Sandstone_D.ubulk" 2307
"D:/UnrealStuff/FPSTest/Content/StarterContent/Textures/T_Rock_Sandstone_D.uasset" 2308
"D:/UnrealStuff/FPSTest/Content/StarterContent/Textures/T_Rock_Sandstone_D.uexp" 2309
"D:/UnrealStuff/FPSTest/Content/StarterContent/Materials/M_Rock_Sandstone.uasset" 2310
"D:/UnrealStuff/FPSTest/Content/StarterContent/Materials/M_Rock_Sandstone.uexp" 2311
"D:/UnrealStuff/FPSTest/Content/StarterContent/Textures/T_Wood_Walnut_N.ubulk" 2312
"D:/UnrealStuff/FPSTest/Content/StarterContent/Textures/T_Wood_Walnut_N.uasset" 2313
"D:/UnrealStuff/FPSTest/Content/StarterContent/Textures/T_Wood_Walnut_N.uexp" 2314
"D:/UnrealStuff/FPSTest/Content/StarterContent/Textures/T_Wood_Walnut_D.ubulk" 2315
"D:/UnrealStuff/FPSTest/Content/StarterContent/Textures/T_Wood_Walnut_D.uasset" 2316
"D:/UnrealStuff/FPSTest/Content/StarterContent/Textures/T_Wood_Walnut_D.uexp" 2317
"D:/UnrealStuff/FPSTest/Content/StarterContent/Materials/M_Wood_Walnut.uasset" 2318
"D:/UnrealStuff/FPSTest/Content/StarterContent/Materials/M_Wood_Walnut.uexp" 2319
"D:/UnrealStuff/FPSTest/Content/StarterContent/Audio/Collapse_Cue.uasset" 2320
"D:/UnrealStuff/FPSTest/Content/StarterContent/Audio/Collapse_Cue.uexp" 2321
"D:/UnrealStuff/FPSTest/Content/StarterContent/Textures/T_Brick_Cut_Stone_N.ubulk" 2322
"D:/UnrealStuff/FPSTest/Content/StarterContent/Textures/T_Brick_Cut_Stone_N.uasset" 2323
"D:/UnrealStuff/FPSTest/Content/StarterContent/Textures/T_Brick_Cut_Stone_N.uexp" 2324
"D:/UnrealStuff/FPSTest/Content/StarterContent/Textures/T_Brick_Cut_Stone_D.ubulk" 2325
"D:/UnrealStuff/FPSTest/Content/StarterContent/Textures/T_Brick_Cut_Stone_D.uasset" 2326
"D:/UnrealStuff/FPSTest/Content/StarterContent/Textures/T_Brick_Cut_Stone_D.uexp" 2327
"D:/UnrealStuff/FPSTest/Content/StarterContent/Materials/M_Brick_Cut_Stone.uasset" 2328
"D:/UnrealStuff/FPSTest/Content/StarterContent/Materials/M_Brick_Cut_Stone.uexp" 2329
"D:/UnrealStuff/FPSTest/Content/StarterContent/Textures/T_Dust_Particle_D.ubulk" 2330
"D:/UnrealStuff/FPSTest/Content/StarterContent/Textures/T_Dust_Particle_D.uasset" 2331
"D:/UnrealStuff/FPSTest/Content/StarterContent/Textures/T_Dust_Particle_D.uexp" 2332
"D:/UnrealStuff/FPSTest/Content/StarterContent/Particles/Materials/M_Dust_Particle.uasset" 2333
"D:/UnrealStuff/FPSTest/Content/StarterContent/Particles/Materials/M_Dust_Particle.uexp" 2334
"D:/UnrealStuff/FPSTest/Content/StarterContent/Particles/P_Ambient_Dust.uasset" 2335
"D:/UnrealStuff/FPSTest/Content/StarterContent/Particles/P_Ambient_Dust.uexp" 2336
"D:/UnrealStuff/FPSTest/Content/StarterContent/Props/SM_WindowFrame.ubulk" 2337
"D:/UnrealStuff/FPSTest/Content/StarterContent/Props/SM_WindowFrame.uasset" 2338
"D:/UnrealStuff/FPSTest/Content/StarterContent/Props/SM_WindowFrame.uexp" 2339
"D:/UnrealStuff/FPSTest/Content/StarterContent/Textures/T_Metal_Copper_D.ubulk" 2340
"D:/UnrealStuff/FPSTest/Content/StarterContent/Textures/T_Metal_Copper_D.uasset" 2341
"D:/UnrealStuff/FPSTest/Content/StarterContent/Textures/T_Metal_Copper_D.uexp" 2342
"D:/UnrealStuff/FPSTest/Content/StarterContent/Materials/M_Metal_Copper.uasset" 2343
"D:/UnrealStuff/FPSTest/Content/StarterContent/Materials/M_Metal_Copper.uexp" 2344
"D:/UnrealStuff/FPSTest/Content/StarterContent/Textures/T_Water_M.ubulk" 2345
"D:/UnrealStuff/FPSTest/Content/StarterContent/Textures/T_Water_M.uasset" 2346
"D:/UnrealStuff/FPSTest/Content/StarterContent/Textures/T_Water_M.uexp" 2347
"D:/UnrealStuff/FPSTest/Content/StarterContent/Materials/M_Water_Ocean.uasset" 2348
"D:/UnrealStuff/FPSTest/Content/StarterContent/Materials/M_Water_Ocean.uexp" 2349
"D:/UnrealStuff/FPSTest/Content/StarterContent/Textures/T_CobbleStone_Pebble_N.ubulk" 2350
"D:/UnrealStuff/FPSTest/Content/StarterContent/Textures/T_CobbleStone_Pebble_N.uasset" 2351
"D:/UnrealStuff/FPSTest/Content/StarterContent/Textures/T_CobbleStone_Pebble_N.uexp" 2352
"D:/UnrealStuff/FPSTest/Content/StarterContent/Textures/T_CobbleStone_Pebble_M.ubulk" 2353
"D:/UnrealStuff/FPSTest/Content/StarterContent/Textures/T_CobbleStone_Pebble_M.uasset" 2354
"D:/UnrealStuff/FPSTest/Content/StarterContent/Textures/T_CobbleStone_Pebble_M.uexp" 2355
"D:/UnrealStuff/FPSTest/Content/StarterContent/Textures/T_CobbleStone_Pebble_D.ubulk" 2356
"D:/UnrealStuff/FPSTest/Content/StarterContent/Textures/T_CobbleStone_Pebble_D.uasset" 2357
"D:/UnrealStuff/FPSTest/Content/StarterContent/Textures/T_CobbleStone_Pebble_D.uexp" 2358
"D:/UnrealStuff/FPSTest/Content/StarterContent/Materials/M_CobbleStone_Pebble.uasset" 2359
"D:/UnrealStuff/FPSTest/Content/StarterContent/Materials/M_CobbleStone_Pebble.uexp" 2360
"D:/UnrealStuff/FPSTest/Content/StarterContent/Textures/T_Brick_Clay_Old_N.ubulk" 2361
"D:/UnrealStuff/FPSTest/Content/StarterContent/Textures/T_Brick_Clay_Old_N.uasset" 2362
"D:/UnrealStuff/FPSTest/Content/StarterContent/Textures/T_Brick_Clay_Old_N.uexp" 2363
"D:/UnrealStuff/FPSTest/Content/StarterContent/Textures/T_Brick_Clay_Old_D.ubulk" 2364
"D:/UnrealStuff/FPSTest/Content/StarterContent/Textures/T_Brick_Clay_Old_D.uasset" 2365
"D:/UnrealStuff/FPSTest/Content/StarterContent/Textures/T_Brick_Clay_Old_D.uexp" 2366
"D:/UnrealStuff/FPSTest/Content/StarterContent/Materials/M_Brick_Clay_Old.uasset" 2367
"D:/UnrealStuff/FPSTest/Content/StarterContent/Materials/M_Brick_Clay_Old.uexp" 2368
"D:/UnrealStuff/FPSTest/Content/StarterContent/Textures/T_Metal_Steel_D.ubulk" 2369
"D:/UnrealStuff/FPSTest/Content/StarterContent/Textures/T_Metal_Steel_D.uasset" 2370
"D:/UnrealStuff/FPSTest/Content/StarterContent/Textures/T_Metal_Steel_D.uexp" 2371
"D:/UnrealStuff/FPSTest/Content/StarterContent/Textures/T_Metal_Steel_N.ubulk" 2372
"D:/UnrealStuff/FPSTest/Content/StarterContent/Textures/T_Metal_Steel_N.uasset" 2373
"D:/UnrealStuff/FPSTest/Content/StarterContent/Textures/T_Metal_Steel_N.uexp" 2374
"D:/UnrealStuff/FPSTest/Content/StarterContent/Materials/M_Metal_Steel.uasset" 2375
"D:/UnrealStuff/FPSTest/Content/StarterContent/Materials/M_Metal_Steel.uexp" 2376
"D:/UnrealStuff/FPSTest/Content/StarterContent/Materials/M_Wood_Floor_Walnut_Polished.uasset" 2377
"D:/UnrealStuff/FPSTest/Content/StarterContent/Materials/M_Wood_Floor_Walnut_Polished.uexp" 2378
"D:/UnrealStuff/FPSTest/Content/StarterContent/Props/SM_Lamp_Wall.ubulk" 2379
"D:/UnrealStuff/FPSTest/Content/StarterContent/Props/SM_Lamp_Wall.uasset" 2380
"D:/UnrealStuff/FPSTest/Content/StarterContent/Props/SM_Lamp_Wall.uexp" 2381
"D:/UnrealStuff/FPSTest/Content/StarterContent/Blueprints/Blueprint_WallSconce.uasset" 2382
"D:/UnrealStuff/FPSTest/Content/StarterContent/Blueprints/Blueprint_WallSconce.uexp" 2383
"D:/UnrealStuff/FPSTest/Content/StarterContent/Textures/T_Tech_Panel_N.ubulk" 2384
"D:/UnrealStuff/FPSTest/Content/StarterContent/Textures/T_Tech_Panel_N.uasset" 2385
"D:/UnrealStuff/FPSTest/Content/StarterContent/Textures/T_Tech_Panel_N.uexp" 2386
"D:/UnrealStuff/FPSTest/Content/StarterContent/Textures/T_Tech_Panel_M.ubulk" 2387
"D:/UnrealStuff/FPSTest/Content/StarterContent/Textures/T_Tech_Panel_M.uasset" 2388
"D:/UnrealStuff/FPSTest/Content/StarterContent/Textures/T_Tech_Panel_M.uexp" 2389
"D:/UnrealStuff/FPSTest/Content/StarterContent/Materials/M_Tech_Panel.uasset" 2390
"D:/UnrealStuff/FPSTest/Content/StarterContent/Materials/M_Tech_Panel.uexp" 2391
"D:/UnrealStuff/FPSTest/Content/StarterContent/Materials/M_Tech_Hex_Tile_Pulse.uasset" 2392
"D:/UnrealStuff/FPSTest/Content/StarterContent/Materials/M_Tech_Hex_Tile_Pulse.uexp" 2393
"D:/UnrealStuff/FPSTest/Content/StarterContent/Props/SM_PillarFrame.ubulk" 2394
"D:/UnrealStuff/FPSTest/Content/StarterContent/Props/SM_PillarFrame.uasset" 2395
"D:/UnrealStuff/FPSTest/Content/StarterContent/Props/SM_PillarFrame.uexp" 2396
"D:/UnrealStuff/FPSTest/Content/StarterContent/Textures/T_TableRound_N.ubulk" 2397
"D:/UnrealStuff/FPSTest/Content/StarterContent/Textures/T_TableRound_N.uasset" 2398
"D:/UnrealStuff/FPSTest/Content/StarterContent/Textures/T_TableRound_N.uexp" 2399
"D:/UnrealStuff/FPSTest/Content/StarterContent/Textures/T_TableRound_M.ubulk" 2400
"D:/UnrealStuff/FPSTest/Content/StarterContent/Textures/T_TableRound_M.uasset" 2401
"D:/UnrealStuff/FPSTest/Content/StarterContent/Textures/T_TableRound_M.uexp" 2402
"D:/UnrealStuff/FPSTest/Content/StarterContent/Props/Materials/M_TableRound.uasset" 2403
"D:/UnrealStuff/FPSTest/Content/StarterContent/Props/Materials/M_TableRound.uexp" 2404
"D:/UnrealStuff/FPSTest/Content/StarterContent/Props/SM_TableRound.ubulk" 2405
"D:/UnrealStuff/FPSTest/Content/StarterContent/Props/SM_TableRound.uasset" 2406
"D:/UnrealStuff/FPSTest/Content/StarterContent/Props/SM_TableRound.uexp" 2407
"D:/UnrealStuff/FPSTest/Content/StarterContent/Textures/T_Fire_Tiled_D.ubulk" 2408
"D:/UnrealStuff/FPSTest/Content/StarterContent/Textures/T_Fire_Tiled_D.uasset" 2409
"D:/UnrealStuff/FPSTest/Content/StarterContent/Textures/T_Fire_Tiled_D.uexp" 2410
"D:/UnrealStuff/FPSTest/Content/StarterContent/Textures/T_Fire_SubUV.ubulk" 2411
"D:/UnrealStuff/FPSTest/Content/StarterContent/Textures/T_Fire_SubUV.uasset" 2412
"D:/UnrealStuff/FPSTest/Content/StarterContent/Textures/T_Fire_SubUV.uexp" 2413
"D:/UnrealStuff/FPSTest/Content/StarterContent/Particles/Materials/M_Fire_SubUV.uasset" 2414
"D:/UnrealStuff/FPSTest/Content/StarterContent/Particles/Materials/M_Fire_SubUV.uexp" 2415
"D:/UnrealStuff/FPSTest/Content/StarterContent/Particles/Materials/M_Heat_Distortion.uasset" 2416
"D:/UnrealStuff/FPSTest/Content/StarterContent/Particles/Materials/M_Heat_Distortion.uexp" 2417
"D:/UnrealStuff/FPSTest/Content/StarterContent/Particles/P_Fire.uasset" 2418
"D:/UnrealStuff/FPSTest/Content/StarterContent/Particles/P_Fire.uexp" 2419
"D:/UnrealStuff/FPSTest/Content/StarterContent/Audio/Fire01_Cue.uasset" 2420
"D:/UnrealStuff/FPSTest/Content/StarterContent/Audio/Fire01_Cue.uexp" 2421
"D:/UnrealStuff/FPSTest/Content/StarterContent/Blueprints/Blueprint_Effect_Fire.uasset" 2422
"D:/UnrealStuff/FPSTest/Content/StarterContent/Blueprints/Blueprint_Effect_Fire.uexp" 2423
"D:/UnrealStuff/FPSTest/Content/StarterContent/Textures/T_Wood_Oak_N.ubulk" 2424
"D:/UnrealStuff/FPSTest/Content/StarterContent/Textures/T_Wood_Oak_N.uasset" 2425
"D:/UnrealStuff/FPSTest/Content/StarterContent/Textures/T_Wood_Oak_N.uexp" 2426
"D:/UnrealStuff/FPSTest/Content/StarterContent/Textures/T_Wood_Oak_D.ubulk" 2427
"D:/UnrealStuff/FPSTest/Content/StarterContent/Textures/T_Wood_Oak_D.uasset" 2428
"D:/UnrealStuff/FPSTest/Content/StarterContent/Textures/T_Wood_Oak_D.uexp" 2429
"D:/UnrealStuff/FPSTest/Content/StarterContent/Materials/M_Wood_Oak.uasset" 2430
"D:/UnrealStuff/FPSTest/Content/StarterContent/Materials/M_Wood_Oak.uexp" 2431
"D:/UnrealStuff/FPSTest/Content/StarterContent/Architecture/Wall_Window_400x300.ubulk" 2432
"D:/UnrealStuff/FPSTest/Content/StarterContent/Architecture/Wall_Window_400x300.uasset" 2433
"D:/UnrealStuff/FPSTest/Content/StarterContent/Architecture/Wall_Window_400x300.uexp" 2434
"D:/UnrealStuff/FPSTest/Content/StarterContent/Textures/T_Brick_Hewn_Stone_N.ubulk" 2435
"D:/UnrealStuff/FPSTest/Content/StarterContent/Textures/T_Brick_Hewn_Stone_N.uasset" 2436
"D:/UnrealStuff/FPSTest/Content/StarterContent/Textures/T_Brick_Hewn_Stone_N.uexp" 2437
"D:/UnrealStuff/FPSTest/Content/StarterContent/Textures/T_Brick_Hewn_Stone_D.ubulk" 2438
"D:/UnrealStuff/FPSTest/Content/StarterContent/Textures/T_Brick_Hewn_Stone_D.uasset" 2439
"D:/UnrealStuff/FPSTest/Content/StarterContent/Textures/T_Brick_Hewn_Stone_D.uexp" 2440
"D:/UnrealStuff/FPSTest/Content/StarterContent/Textures/T_Brick_Hewn_Stone_M.ubulk" 2441
"D:/UnrealStuff/FPSTest/Content/StarterContent/Textures/T_Brick_Hewn_Stone_M.uasset" 2442
"D:/UnrealStuff/FPSTest/Content/StarterContent/Textures/T_Brick_Hewn_Stone_M.uexp" 2443
"D:/UnrealStuff/FPSTest/Content/StarterContent/Materials/M_Brick_Hewn_Stone.uasset" 2444
"D:/UnrealStuff/FPSTest/Content/StarterContent/Materials/M_Brick_Hewn_Stone.uexp" 2445
"D:/UnrealStuff/FPSTest/Content/StarterContent/Audio/Smoke01_Cue.uasset" 2446
"D:/UnrealStuff/FPSTest/Content/StarterContent/Audio/Smoke01_Cue.uexp" 2447
"D:/UnrealStuff/FPSTest/Content/StarterContent/Particles/P_Smoke.uasset" 2448
"D:/UnrealStuff/FPSTest/Content/StarterContent/Particles/P_Smoke.uexp" 2449
"D:/UnrealStuff/FPSTest/Content/StarterContent/Blueprints/Blueprint_Effect_Smoke.uasset" 2450
"D:/UnrealStuff/FPSTest/Content/StarterContent/Blueprints/Blueprint_Effect_Smoke.uexp" 2451
"D:/UnrealStuff/FPSTest/Content/StarterContent/Textures/T_CobbleStone_Rough_N.ubulk" 2452
"D:/UnrealStuff/FPSTest/Content/StarterContent/Textures/T_CobbleStone_Rough_N.uasset" 2453
"D:/UnrealStuff/FPSTest/Content/StarterContent/Textures/T_CobbleStone_Rough_N.uexp" 2454
"D:/UnrealStuff/FPSTest/Content/StarterContent/Textures/T_CobbleStone_Rough_D.ubulk" 2455
"D:/UnrealStuff/FPSTest/Content/StarterContent/Textures/T_CobbleStone_Rough_D.uasset" 2456
"D:/UnrealStuff/FPSTest/Content/StarterContent/Textures/T_CobbleStone_Rough_D.uexp" 2457
"D:/UnrealStuff/FPSTest/Content/StarterContent/Materials/M_CobbleStone_Rough.uasset" 2458
"D:/UnrealStuff/FPSTest/Content/StarterContent/Materials/M_CobbleStone_Rough.uexp" 2459
"D:/UnrealStuff/FPSTest/Content/StarterContent/Textures/T_Statue_M.ubulk" 2460
"D:/UnrealStuff/FPSTest/Content/StarterContent/Textures/T_Statue_M.uasset" 2461
"D:/UnrealStuff/FPSTest/Content/StarterContent/Textures/T_Statue_M.uexp" 2462
"D:/UnrealStuff/FPSTest/Content/StarterContent/Textures/T_Statue_N.ubulk" 2463
"D:/UnrealStuff/FPSTest/Content/StarterContent/Textures/T_Statue_N.uasset" 2464
"D:/UnrealStuff/FPSTest/Content/StarterContent/Textures/T_Statue_N.uexp" 2465
"D:/UnrealStuff/FPSTest/Content/StarterContent/Props/Materials/M_Statue.uasset" 2466
"D:/UnrealStuff/FPSTest/Content/StarterContent/Props/Materials/M_Statue.uexp" 2467
"D:/UnrealStuff/FPSTest/Content/StarterContent/Props/Materials/M_StatueGlass.uasset" 2468
"D:/UnrealStuff/FPSTest/Content/StarterContent/Props/Materials/M_StatueGlass.uexp" 2469
"D:/UnrealStuff/FPSTest/Content/StarterContent/Props/SM_Statue.ubulk" 2470
"D:/UnrealStuff/FPSTest/Content/StarterContent/Props/SM_Statue.uasset" 2471
"D:/UnrealStuff/FPSTest/Content/StarterContent/Props/SM_Statue.uexp" 2472
"D:/UnrealStuff/FPSTest/Content/StarterContent/Textures/T_ground_Moss_D.ubulk" 2473
"D:/UnrealStuff/FPSTest/Content/StarterContent/Textures/T_ground_Moss_D.uasset" 2474
"D:/UnrealStuff/FPSTest/Content/StarterContent/Textures/T_ground_Moss_D.uexp" 2475
"D:/UnrealStuff/FPSTest/Content/StarterContent/Textures/T_Ground_Moss_N.ubulk" 2476
"D:/UnrealStuff/FPSTest/Content/StarterContent/Textures/T_Ground_Moss_N.uasset" 2477
"D:/UnrealStuff/FPSTest/Content/StarterContent/Textures/T_Ground_Moss_N.uexp" 2478
"D:/UnrealStuff/FPSTest/Content/StarterContent/Materials/M_Ground_Moss.uasset" 2479
"D:/UnrealStuff/FPSTest/Content/StarterContent/Materials/M_Ground_Moss.uexp" 2480
"D:/UnrealStuff/FPSTest/Content/StarterContent/Props/SM_PillarFrame300.ubulk" 2481
"D:/UnrealStuff/FPSTest/Content/StarterContent/Props/SM_PillarFrame300.uasset" 2482
"D:/UnrealStuff/FPSTest/Content/StarterContent/Props/SM_PillarFrame300.uexp" 2483
"D:/UnrealStuff/FPSTest/Content/StarterContent/Materials/M_Metal_Chrome.uasset" 2484
"D:/UnrealStuff/FPSTest/Content/StarterContent/Materials/M_Metal_Chrome.uexp" 2485
"D:/UnrealStuff/FPSTest/Content/StarterContent/Textures/T_Metal_Gold_D.ubulk" 2486
"D:/UnrealStuff/FPSTest/Content/StarterContent/Textures/T_Metal_Gold_D.uasset" 2487
"D:/UnrealStuff/FPSTest/Content/StarterContent/Textures/T_Metal_Gold_D.uexp" 2488
"D:/UnrealStuff/FPSTest/Content/StarterContent/Materials/M_Metal_Gold.uasset" 2489
"D:/UnrealStuff/FPSTest/Content/StarterContent/Materials/M_Metal_Gold.uexp" 2490
"D:/UnrealStuff/FPSTest/Content/StarterContent/Textures/T_Ground_Grass_D.ubulk" 2491
"D:/UnrealStuff/FPSTest/Content/StarterContent/Textures/T_Ground_Grass_D.uasset" 2492
"D:/UnrealStuff/FPSTest/Content/StarterContent/Textures/T_Ground_Grass_D.uexp" 2493
"D:/UnrealStuff/FPSTest/Content/StarterContent/Textures/T_Ground_Grass_N.ubulk" 2494
"D:/UnrealStuff/FPSTest/Content/StarterContent/Textures/T_Ground_Grass_N.uasset" 2495
"D:/UnrealStuff/FPSTest/Content/StarterContent/Textures/T_Ground_Grass_N.uexp" 2496
"D:/UnrealStuff/FPSTest/Content/StarterContent/Materials/M_Ground_Grass.uasset" 2497
"D:/UnrealStuff/FPSTest/Content/StarterContent/Materials/M_Ground_Grass.uexp" 2498
"D:/UnrealStuff/FPSTest/Content/StarterContent/Audio/Starter_Background_Cue.uasset" 2499
"D:/UnrealStuff/FPSTest/Content/StarterContent/Audio/Starter_Background_Cue.uexp" 2500
"D:/UnrealStuff/FPSTest/Content/StarterContent/Maps/StarterMap_BuiltData.ubulk" 2501
"D:/UnrealStuff/FPSTest/Content/StarterContent/Maps/StarterMap_BuiltData.uasset" 2502
"D:/UnrealStuff/FPSTest/Content/StarterContent/Maps/StarterMap_BuiltData.uexp" 2503
"D:/UnrealStuff/FPSTest/Content/StarterContent/Props/SM_CornerFrame.ubulk" 2504
"D:/UnrealStuff/FPSTest/Content/StarterContent/Props/SM_CornerFrame.uasset" 2505
"D:/UnrealStuff/FPSTest/Content/StarterContent/Props/SM_CornerFrame.uexp" 2506
"D:/UnrealStuff/FPSTest/Content/StarterContent/Shapes/Shape_Sphere.ubulk" 2507
"D:/UnrealStuff/FPSTest/Content/StarterContent/Shapes/Shape_Sphere.uasset" 2508
"D:/UnrealStuff/FPSTest/Content/StarterContent/Shapes/Shape_Sphere.uexp" 2509
"D:/UnrealStuff/FPSTest/Content/StarterContent/Audio/Starter_Music_Cue.uasset" 2510
"D:/UnrealStuff/FPSTest/Content/StarterContent/Audio/Starter_Music_Cue.uexp" 2511
"D:/UnrealStuff/FPSTest/Content/StarterContent/Shapes/Shape_QuadPyramid.ubulk" 2512
"D:/UnrealStuff/FPSTest/Content/StarterContent/Shapes/Shape_QuadPyramid.uasset" 2513
"D:/UnrealStuff/FPSTest/Content/StarterContent/Shapes/Shape_QuadPyramid.uexp" 2514
"D:/UnrealStuff/FPSTest/Content/StarterContent/Textures/T_Brick_Clay_New_D.ubulk" 2515
"D:/UnrealStuff/FPSTest/Content/StarterContent/Textures/T_Brick_Clay_New_D.uasset" 2516
"D:/UnrealStuff/FPSTest/Content/StarterContent/Textures/T_Brick_Clay_New_D.uexp" 2517
"D:/UnrealStuff/FPSTest/Content/StarterContent/Textures/T_Brick_Clay_New_M.uasset" 2518
"D:/UnrealStuff/FPSTest/Content/StarterContent/Textures/T_Brick_Clay_New_M.uexp" 2519
"D:/UnrealStuff/FPSTest/Content/StarterContent/Textures/T_Brick_Clay_New_N.uasset" 2520
"D:/UnrealStuff/FPSTest/Content/StarterContent/Textures/T_Brick_Clay_New_N.uexp" 2521
"D:/UnrealStuff/FPSTest/Content/StarterContent/Materials/M_Brick_Clay_New.uasset" 2522
"D:/UnrealStuff/FPSTest/Content/StarterContent/Materials/M_Brick_Clay_New.uexp" 2523
"D:/UnrealStuff/FPSTest/Content/StarterContent/Textures/T_Metal_Aluminum_D.ubulk" 2524
"D:/UnrealStuff/FPSTest/Content/StarterContent/Textures/T_Metal_Aluminum_D.uasset" 2525
"D:/UnrealStuff/FPSTest/Content/StarterContent/Textures/T_Metal_Aluminum_D.uexp" 2526
"D:/UnrealStuff/FPSTest/Content/StarterContent/Materials/M_Metal_Burnished_Steel.uasset" 2527
"D:/UnrealStuff/FPSTest/Content/StarterContent/Materials/M_Metal_Burnished_Steel.uexp" 2528
"D:/UnrealStuff/FPSTest/Content/StarterContent/Props/SM_Chair.ubulk" 2529
"D:/UnrealStuff/FPSTest/Content/StarterContent/Props/SM_Chair.uasset" 2530
"D:/UnrealStuff/FPSTest/Content/StarterContent/Props/SM_Chair.uexp" 2531
"D:/UnrealStuff/FPSTest/Content/StarterContent/Textures/T_Concrete_Panels_D.ubulk" 2532
"D:/UnrealStuff/FPSTest/Content/StarterContent/Textures/T_Concrete_Panels_D.uasset" 2533
"D:/UnrealStuff/FPSTest/Content/StarterContent/Textures/T_Concrete_Panels_D.uexp" 2534
"D:/UnrealStuff/FPSTest/Content/StarterContent/Textures/T_Concrete_Panels_N.ubulk" 2535
"D:/UnrealStuff/FPSTest/Content/StarterContent/Textures/T_Concrete_Panels_N.uasset" 2536
"D:/UnrealStuff/FPSTest/Content/StarterContent/Textures/T_Concrete_Panels_N.uexp" 2537
"D:/UnrealStuff/FPSTest/Content/StarterContent/Materials/M_Concrete_Panels.uasset" 2538
"D:/UnrealStuff/FPSTest/Content/StarterContent/Materials/M_Concrete_Panels.uexp" 2539
"D:/UnrealStuff/FPSTest/Content/StarterContent/Maps/StarterMap.uexp" 2540
"D:/UnrealStuff/FPSTest/Content/StarterContent/Maps/StarterMap.umap" 2541
"D:/UnrealStuff/FPSTest/Content/StarterContent/Maps/Minimal_Default_BuiltData.ubulk" 2542
"D:/UnrealStuff/FPSTest/Content/StarterContent/Maps/Minimal_Default_BuiltData.uasset" 2543
"D:/UnrealStuff/FPSTest/Content/StarterContent/Maps/Minimal_Default_BuiltData.uexp" 2544
"D:/UnrealStuff/FPSTest/Content/StarterContent/Maps/Minimal_Default.uexp" 2545
"D:/UnrealStuff/FPSTest/Content/StarterContent/Maps/Minimal_Default.umap" 2546
"D:/UnrealStuff/FPSTest/Content/StarterContent/Maps/Advanced_Lighting_BuiltData.ubulk" 2547
"D:/UnrealStuff/FPSTest/Content/StarterContent/Maps/Advanced_Lighting_BuiltData.uasset" 2548
"D:/UnrealStuff/FPSTest/Content/StarterContent/Maps/Advanced_Lighting_BuiltData.uexp" 2549
"D:/UnrealStuff/FPSTest/Content/StarterContent/Materials/M_AssetPlatform.uasset" 2550
"D:/UnrealStuff/FPSTest/Content/StarterContent/Materials/M_AssetPlatform.uexp" 2551
"D:/UnrealStuff/FPSTest/Content/StarterContent/Architecture/SM_AssetPlatform.ubulk" 2552
"D:/UnrealStuff/FPSTest/Content/StarterContent/Architecture/SM_AssetPlatform.uasset" 2553
"D:/UnrealStuff/FPSTest/Content/StarterContent/Architecture/SM_AssetPlatform.uexp" 2554
"../../../Engine/Content/MapTemplates/Sky/DaylightAmbientCubemap.uasset" 2555
"../../../Engine/Content/MapTemplates/Sky/DaylightAmbientCubemap.uexp" 2556
"D:/UnrealStuff/FPSTest/Content/StarterContent/Blueprints/Assets/M_LightStage_Skybox_Master.uasset" 2557
"D:/UnrealStuff/FPSTest/Content/StarterContent/Blueprints/Assets/M_LightStage_Skybox_Master.uexp" 2558
"D:/UnrealStuff/FPSTest/Content/StarterContent/Blueprints/Assets/M_LightStage_Skybox_HDRI.uasset" 2559
"D:/UnrealStuff/FPSTest/Content/StarterContent/Blueprints/Assets/M_LightStage_Skybox_HDRI.uexp" 2560
"D:/UnrealStuff/FPSTest/Content/StarterContent/HDRI/HDRI_Epic_Courtyard_Daylight.uasset" 2561
"D:/UnrealStuff/FPSTest/Content/StarterContent/HDRI/HDRI_Epic_Courtyard_Daylight.uexp" 2562
"D:/UnrealStuff/FPSTest/Content/StarterContent/Blueprints/Assets/SunlightColorLUT.uasset" 2563
"D:/UnrealStuff/FPSTest/Content/StarterContent/Blueprints/Assets/SunlightColorLUT.uexp" 2564
"D:/UnrealStuff/FPSTest/Content/StarterContent/Blueprints/Assets/M_LightStage_Skybox_Black.uasset" 2565
"D:/UnrealStuff/FPSTest/Content/StarterContent/Blueprints/Assets/M_LightStage_Skybox_Black.uexp" 2566
"D:/UnrealStuff/FPSTest/Content/StarterContent/Blueprints/Assets/FogBrightnessLUT.uasset" 2567
"D:/UnrealStuff/FPSTest/Content/StarterContent/Blueprints/Assets/FogBrightnessLUT.uexp" 2568
"D:/UnrealStuff/FPSTest/Content/StarterContent/Blueprints/Assets/SM_Arrows.ubulk" 2569
"D:/UnrealStuff/FPSTest/Content/StarterContent/Blueprints/Assets/SM_Arrows.uasset" 2570
"D:/UnrealStuff/FPSTest/Content/StarterContent/Blueprints/Assets/SM_Arrows.uexp" 2571
"D:/UnrealStuff/FPSTest/Content/StarterContent/Blueprints/Assets/M_LightStage_Arrows.uasset" 2572
"D:/UnrealStuff/FPSTest/Content/StarterContent/Blueprints/Assets/M_LightStage_Arrows.uexp" 2573
"../../../Engine/Content/ArtTools/RenderToTexture/MaterialFunctions/CheckerPattern.uasset" 2574
"../../../Engine/Content/ArtTools/RenderToTexture/MaterialFunctions/CheckerPattern.uexp" 2575
"../../../Engine/Content/Functions/Engine_MaterialFunctions02/ScreenResolution.uasset" 2576
"../../../Engine/Content/Functions/Engine_MaterialFunctions02/ScreenResolution.uexp" 2577
"../../../Engine/Content/Functions/Engine_MaterialFunctions02/Texturing/ScreenAlignedUVs.uasset" 2578
"../../../Engine/Content/Functions/Engine_MaterialFunctions02/Texturing/ScreenAlignedUVs.uexp" 2579
"../../../Engine/Content/EditorMaterials/Thumbnails/SkySphereMaterial.uasset" 2580
"../../../Engine/Content/EditorMaterials/Thumbnails/SkySphereMaterial.uexp" 2581
"D:/UnrealStuff/FPSTest/Content/StarterContent/Blueprints/Assets/Skybox.ubulk" 2582
"D:/UnrealStuff/FPSTest/Content/StarterContent/Blueprints/Assets/Skybox.uasset" 2583
"D:/UnrealStuff/FPSTest/Content/StarterContent/Blueprints/Assets/Skybox.uexp" 2584
"D:/UnrealStuff/FPSTest/Content/StarterContent/Blueprints/BP_LightStudio.uasset" 2585
"D:/UnrealStuff/FPSTest/Content/StarterContent/Blueprints/BP_LightStudio.uexp" 2586
"../../../Engine/Content/EditorMeshes/ColorCalibrator/M_GreyBall.uasset" 2587
"../../../Engine/Content/EditorMeshes/ColorCalibrator/M_GreyBall.uexp" 2588
"../../../Engine/Content/EditorMeshes/ColorCalibrator/M_ClearCoat.uasset" 2589
"../../../Engine/Content/EditorMeshes/ColorCalibrator/M_ClearCoat.uexp" 2590
"../../../Engine/Content/EditorMeshes/ColorCalibrator/M_ChromeBall.uasset" 2591
"../../../Engine/Content/EditorMeshes/ColorCalibrator/M_ChromeBall.uexp" 2592
"../../../Engine/Content/EditorMeshes/ColorCalibrator/M_ClearCoatBlack.uasset" 2593
"../../../Engine/Content/EditorMeshes/ColorCalibrator/M_ClearCoatBlack.uexp" 2594
"../../../Engine/Content/EditorMeshes/ColorCalibrator/Color_checker.ubulk" 2595
"../../../Engine/Content/EditorMeshes/ColorCalibrator/Color_checker.uasset" 2596
"../../../Engine/Content/EditorMeshes/ColorCalibrator/Color_checker.uexp" 2597
"../../../Engine/Content/EditorMeshes/ColorCalibrator/M_ColorGrid.uasset" 2598
"../../../Engine/Content/EditorMeshes/ColorCalibrator/M_ColorGrid.uexp" 2599
"../../../Engine/Content/EditorMeshes/ColorCalibrator/SM_ColorCalibrator.ubulk" 2600
"../../../Engine/Content/EditorMeshes/ColorCalibrator/SM_ColorCalibrator.uasset" 2601
"../../../Engine/Content/EditorMeshes/ColorCalibrator/SM_ColorCalibrator.uexp" 2602
"D:/UnrealStuff/FPSTest/Content/StarterContent/Maps/Advanced_Lighting.uexp" 2603
"D:/UnrealStuff/FPSTest/Content/StarterContent/Maps/Advanced_Lighting.umap" 2604
"../../../Engine/Content/BasicShapes/Cube.ubulk" 2605
"../../../Engine/Content/BasicShapes/Cube.uasset" 2606
"../../../Engine/Content/BasicShapes/Cube.uexp" 2607
"D:/UnrealStuff/FPSTest/Content/PickupContent/Health/HealthKit_ncl1_1.uasset" 2608
"D:/UnrealStuff/FPSTest/Content/PickupContent/Health/HealthKit_ncl1_1.uexp" 2609
"D:/UnrealStuff/FPSTest/Content/PickupContent/Health/HealthKit1.uasset" 2610
"D:/UnrealStuff/FPSTest/Content/PickupContent/Health/HealthKit1.uexp" 2611
"D:/UnrealStuff/FPSTest/Content/PickupContent/Health/HealthKit.ubulk" 2612
"D:/UnrealStuff/FPSTest/Content/PickupContent/Health/HealthKit.uasset" 2613
"D:/UnrealStuff/FPSTest/Content/PickupContent/Health/HealthKit.uexp" 2614
"D:/UnrealStuff/FPSTest/Content/Pickups/Pickup_Health_Large.uasset" 2615
"D:/UnrealStuff/FPSTest/Content/Pickups/Pickup_Health_Large.uexp" 2616
"D:/UnrealStuff/FPSTest/Content/PickupContent/Keys/KeycardRed_ncl1_1.ubulk" 2617
"D:/UnrealStuff/FPSTest/Content/PickupContent/Keys/KeycardRed_ncl1_1.uasset" 2618
"D:/UnrealStuff/FPSTest/Content/PickupContent/Keys/KeycardRed_ncl1_1.uexp" 2619
"D:/UnrealStuff/FPSTest/Content/PickupContent/Keys/KeycardRed1.uasset" 2620
"D:/UnrealStuff/FPSTest/Content/PickupContent/Keys/KeycardRed1.uexp" 2621
"D:/UnrealStuff/FPSTest/Content/PickupContent/Keys/KeycardRed.ubulk" 2622
"D:/UnrealStuff/FPSTest/Content/PickupContent/Keys/KeycardRed.uasset" 2623
"D:/UnrealStuff/FPSTest/Content/PickupContent/Keys/KeycardRed.uexp" 2624
"D:/UnrealStuff/FPSTest/Content/Pickups/Pickup_RedKeycard.uasset" 2625
"D:/UnrealStuff/FPSTest/Content/Pickups/Pickup_RedKeycard.uexp" 2626
"D:/UnrealStuff/FPSTest/Content/Textures/tx_bricks2_duo.ubulk" 2627
"D:/UnrealStuff/FPSTest/Content/Textures/tx_bricks2_duo.uasset" 2628
"D:/UnrealStuff/FPSTest/Content/Textures/tx_bricks2_duo.uexp" 2629
"D:/UnrealStuff/FPSTest/Content/Textures/tx_bricks2_normal.ubulk" 2630
"D:/UnrealStuff/FPSTest/Content/Textures/tx_bricks2_normal.uasset" 2631
"D:/UnrealStuff/FPSTest/Content/Textures/tx_bricks2_normal.uexp" 2632
"D:/UnrealStuff/FPSTest/Content/Textures/M_StoneBricks02_Duo.uasset" 2633
"D:/UnrealStuff/FPSTest/Content/Textures/M_StoneBricks02_Duo.uexp" 2634
"D:/UnrealStuff/FPSTest/Content/Sounds/Enemies/chaoselemental_hurt.ubulk" 2635
"D:/UnrealStuff/FPSTest/Content/Sounds/Enemies/chaoselemental_hurt.uasset" 2636
"D:/UnrealStuff/FPSTest/Content/Sounds/Enemies/chaoselemental_hurt.uexp" 2637
"D:/UnrealStuff/FPSTest/Content/Sounds/Weapons/hauntedboltfire.ubulk" 2638
"D:/UnrealStuff/FPSTest/Content/Sounds/Weapons/hauntedboltfire.uasset" 2639
"D:/UnrealStuff/FPSTest/Content/Sounds/Weapons/hauntedboltfire.uexp" 2640
"D:/UnrealStuff/FPSTest/Content/Enemies/ChaosElemental/BB_ChaosElemental.uasset" 2641
"D:/UnrealStuff/FPSTest/Content/Enemies/ChaosElemental/BB_ChaosElemental.uexp" 2642
"D:/UnrealStuff/FPSTest/Content/Enemies/BTTask_FireProjectileAtTarget.uasset" 2643
"D:/UnrealStuff/FPSTest/Content/Enemies/BTTask_FireProjectileAtTarget.uexp" 2644
"D:/UnrealStuff/FPSTest/Content/EnemyContent/ChaosElemental/chaoselemental_Skeleton.uasset" 2645
"D:/UnrealStuff/FPSTest/Content/EnemyContent/ChaosElemental/chaoselemental_Skeleton.uexp" 2646
"D:/UnrealStuff/FPSTest/Content/EnemyContent/ChaosElemental/attack.uasset" 2647
"D:/UnrealStuff/FPSTest/Content/EnemyContent/ChaosElemental/attack.uexp" 2648
"D:/UnrealStuff/FPSTest/Content/EnemyContent/ChaosElemental/chaoselemental_attack_montage.uasset" 2649
"D:/UnrealStuff/FPSTest/Content/EnemyContent/ChaosElemental/chaoselemental_attack_montage.uexp" 2650
"D:/UnrealStuff/FPSTest/Content/Enemies/ChaosElemental/BT_ChaosElemental.uasset" 2651
"D:/UnrealStuff/FPSTest/Content/Enemies/ChaosElemental/BT_ChaosElemental.uexp" 2652
"D:/UnrealStuff/FPSTest/Content/Enemies/ChaosElemental/AI_ChaosElemental.uasset" 2653
"D:/UnrealStuff/FPSTest/Content/Enemies/ChaosElemental/AI_ChaosElemental.uexp" 2654
"D:/UnrealStuff/FPSTest/Content/EnemyContent/ChaosElemental/idle.uasset" 2655
"D:/UnrealStuff/FPSTest/Content/EnemyContent/ChaosElemental/idle.uexp" 2656
"D:/UnrealStuff/FPSTest/Content/EnemyContent/ChaosElemental/walking.uasset" 2657
"D:/UnrealStuff/FPSTest/Content/EnemyContent/ChaosElemental/walking.uexp" 2658
"D:/UnrealStuff/FPSTest/Content/EnemyContent/ChaosElemental/die.uasset" 2659
"D:/UnrealStuff/FPSTest/Content/EnemyContent/ChaosElemental/die.uexp" 2660
"D:/UnrealStuff/FPSTest/Content/AnimBluePrints/ABP_ChaosElemental.uasset" 2661
"D:/UnrealStuff/FPSTest/Content/AnimBluePrints/ABP_ChaosElemental.uexp" 2662
"D:/UnrealStuff/FPSTest/Content/EnemyContent/ChaosElemental/chaoselement_body_png.uasset" 2663
"D:/UnrealStuff/FPSTest/Content/EnemyContent/ChaosElemental/chaoselement_body_png.uexp" 2664
"D:/UnrealStuff/FPSTest/Content/EnemyContent/ChaosSoldier/pixelmat_alpha.uasset" 2665
"D:/UnrealStuff/FPSTest/Content/EnemyContent/ChaosSoldier/pixelmat_alpha.uexp" 2666
"D:/UnrealStuff/FPSTest/Content/EnemyContent/pixelwrap_alpha.uasset" 2667
"D:/UnrealStuff/FPSTest/Content/EnemyContent/pixelwrap_alpha.uexp" 2668
"D:/UnrealStuff/FPSTest/Content/EnemyContent/ChaosElemental/chaoselemental_material_0.uasset" 2669
"D:/UnrealStuff/FPSTest/Content/EnemyContent/ChaosElemental/chaoselemental_material_0.uexp" 2670
"D:/UnrealStuff/FPSTest/Content/EnemyContent/ChaosElemental/chaoselement_head_png.uasset" 2671
"D:/UnrealStuff/FPSTest/Content/EnemyContent/ChaosElemental/chaoselement_head_png.uexp" 2672
"D:/UnrealStuff/FPSTest/Content/EnemyContent/ChaosElemental/chaoselemental_material_1.uasset" 2673
"D:/UnrealStuff/FPSTest/Content/EnemyContent/ChaosElemental/chaoselemental_material_1.uexp" 2674
"D:/UnrealStuff/FPSTest/Content/EnemyContent/ChaosElemental/chaoselement_headtop_png.uasset" 2675
"D:/UnrealStuff/FPSTest/Content/EnemyContent/ChaosElemental/chaoselement_headtop_png.uexp" 2676
"D:/UnrealStuff/FPSTest/Content/EnemyContent/ChaosElemental/chaoselemental_material_2.uasset" 2677
"D:/UnrealStuff/FPSTest/Content/EnemyContent/ChaosElemental/chaoselemental_material_2.uexp" 2678
"D:/UnrealStuff/FPSTest/Content/EnemyContent/ChaosElemental/chaoselement_lleg_png.uasset" 2679
"D:/UnrealStuff/FPSTest/Content/EnemyContent/ChaosElemental/chaoselement_lleg_png.uexp" 2680
"D:/UnrealStuff/FPSTest/Content/EnemyContent/ChaosElemental/chaoselemental_material_3.uasset" 2681
"D:/UnrealStuff/FPSTest/Content/EnemyContent/ChaosElemental/chaoselemental_material_3.uexp" 2682
"D:/UnrealStuff/FPSTest/Content/EnemyContent/ChaosElemental/chaoselement_uleg_png.uasset" 2683
"D:/UnrealStuff/FPSTest/Content/EnemyContent/ChaosElemental/chaoselement_uleg_png.uexp" 2684
"D:/UnrealStuff/FPSTest/Content/EnemyContent/ChaosElemental/chaoselemental_material_4.uasset" 2685
"D:/UnrealStuff/FPSTest/Content/EnemyContent/ChaosElemental/chaoselemental_material_4.uexp" 2686
"D:/UnrealStuff/FPSTest/Content/EnemyContent/ChaosElemental/chaoselemental_PhysicsAsset.uasset" 2687
"D:/UnrealStuff/FPSTest/Content/EnemyContent/ChaosElemental/chaoselemental_PhysicsAsset.uexp" 2688
"D:/UnrealStuff/FPSTest/Content/EnemyContent/ChaosElemental/chaoselemental.uasset" 2689
"D:/UnrealStuff/FPSTest/Content/EnemyContent/ChaosElemental/chaoselemental.uexp" 2690
"D:/UnrealStuff/FPSTest/Content/Sounds/Enemies/chaoselemental_die.ubulk" 2691
"D:/UnrealStuff/FPSTest/Content/Sounds/Enemies/chaoselemental_die.uasset" 2692
"D:/UnrealStuff/FPSTest/Content/Sounds/Enemies/chaoselemental_die.uexp" 2693
"D:/UnrealStuff/FPSTest/Content/Enemies/ChaosElemental/BP_Enemy_ChaosElemental.uasset" 2694
"D:/UnrealStuff/FPSTest/Content/Enemies/ChaosElemental/BP_Enemy_ChaosElemental.uexp" 2695
"D:/UnrealStuff/FPSTest/Content/EnemyContent/Chaosmancer/die.uasset" 2696
"D:/UnrealStuff/FPSTest/Content/EnemyContent/Chaosmancer/die.uexp" 2697
"D:/UnrealStuff/FPSTest/Content/EnemyContent/Chaosmancer/walking.uasset" 2698
"D:/UnrealStuff/FPSTest/Content/EnemyContent/Chaosmancer/walking.uexp" 2699
"D:/UnrealStuff/FPSTest/Content/EnemyContent/Chaosmancer/idle.uasset" 2700
"D:/UnrealStuff/FPSTest/Content/EnemyContent/Chaosmancer/idle.uexp" 2701
"D:/UnrealStuff/FPSTest/Content/AnimBluePrints/ABP_Chaosmancer.uasset" 2702
"D:/UnrealStuff/FPSTest/Content/AnimBluePrints/ABP_Chaosmancer.uexp" 2703
"D:/UnrealStuff/FPSTest/Content/EnemyContent/Chaosmancer/chaosmancer_PhysicsAsset.uasset" 2704
"D:/UnrealStuff/FPSTest/Content/EnemyContent/Chaosmancer/chaosmancer_PhysicsAsset.uexp" 2705
"D:/UnrealStuff/FPSTest/Content/EnemyContent/Chaosmancer/chaosmancer_body.uasset" 2706
"D:/UnrealStuff/FPSTest/Content/EnemyContent/Chaosmancer/chaosmancer_body.uexp" 2707
"D:/UnrealStuff/FPSTest/Content/Skybox/M_ChaosmancerTexture.uasset" 2708
"D:/UnrealStuff/FPSTest/Content/Skybox/M_ChaosmancerTexture.uexp" 2709
"D:/UnrealStuff/FPSTest/Content/EnemyContent/Chaosmancer/chaosmancer_material_0.uasset" 2710
"D:/UnrealStuff/FPSTest/Content/EnemyContent/Chaosmancer/chaosmancer_material_0.uexp" 2711
"D:/UnrealStuff/FPSTest/Content/EnemyContent/Chaosmancer/chaosmancer.uasset" 2712
"D:/UnrealStuff/FPSTest/Content/EnemyContent/Chaosmancer/chaosmancer.uexp" 2713
"D:/UnrealStuff/FPSTest/Content/Enemies/Chaosmancer/BB_Chaosmancer.uasset" 2714
"D:/UnrealStuff/FPSTest/Content/Enemies/Chaosmancer/BB_Chaosmancer.uexp" 2715
"D:/UnrealStuff/FPSTest/Content/Enemies/Chaosmancer/BT_Chaosmancer.uasset" 2716
"D:/UnrealStuff/FPSTest/Content/Enemies/Chaosmancer/BT_Chaosmancer.uexp" 2717
"D:/UnrealStuff/FPSTest/Content/Enemies/Chaosmancer/AI_Chaosmancer.uasset" 2718
"D:/UnrealStuff/FPSTest/Content/Enemies/Chaosmancer/AI_Chaosmancer.uexp" 2719
"D:/UnrealStuff/FPSTest/Content/Enemies/Chaosmancer/BP_Enemy_ChaosmancerBoss.uasset" 2720
"D:/UnrealStuff/FPSTest/Content/Enemies/Chaosmancer/BP_Enemy_ChaosmancerBoss.uexp" 2721
"D:/UnrealStuff/FPSTest/Content/Textures/tx_trigger_doorlock.ubulk" 2722
"D:/UnrealStuff/FPSTest/Content/Textures/tx_trigger_doorlock.uasset" 2723
"D:/UnrealStuff/FPSTest/Content/Textures/tx_trigger_doorlock.uexp" 2724
"D:/UnrealStuff/FPSTest/Content/Textures/tx_trigger_trap.ubulk" 2725
"D:/UnrealStuff/FPSTest/Content/Textures/tx_trigger_trap.uasset" 2726
"D:/UnrealStuff/FPSTest/Content/Textures/tx_trigger_trap.uexp" 2727
"D:/UnrealStuff/FPSTest/Content/Textures/tx_grass_normal.ubulk" 2728
"D:/UnrealStuff/FPSTest/Content/Textures/tx_grass_normal.uasset" 2729
"D:/UnrealStuff/FPSTest/Content/Textures/tx_grass_normal.uexp" 2730
"D:/UnrealStuff/FPSTest/Content/Textures/M_DoorLockTrigger.uasset" 2731
"D:/UnrealStuff/FPSTest/Content/Textures/M_DoorLockTrigger.uexp" 2732
"D:/UnrealStuff/FPSTest/Content/InteractableContent/MetalDoorDouble/metaldoor_double_PhysicsAsset.uasset" 2733
"D:/UnrealStuff/FPSTest/Content/InteractableContent/MetalDoorDouble/metaldoor_double_PhysicsAsset.uexp" 2734
"D:/UnrealStuff/FPSTest/Content/InteractableContent/MetalDoorDouble/metaldoor_double.uasset" 2735
"D:/UnrealStuff/FPSTest/Content/InteractableContent/MetalDoorDouble/metaldoor_double.uexp" 2736
"D:/UnrealStuff/FPSTest/Content/Interactable/InteractableBase_MetalDoor2.uasset" 2737
"D:/UnrealStuff/FPSTest/Content/Interactable/InteractableBase_MetalDoor2.uexp" 2738
"D:/UnrealStuff/FPSTest/Content/Interactable/Trigger_DoorLock.uasset" 2739
"D:/UnrealStuff/FPSTest/Content/Interactable/Trigger_DoorLock.uexp" 2740
"D:/UnrealStuff/FPSTest/Content/Textures/M_TrapTrigger.uasset" 2741
"D:/UnrealStuff/FPSTest/Content/Textures/M_TrapTrigger.uexp" 2742
"D:/UnrealStuff/FPSTest/Content/Interactable/Trigger_TouchTrap.uasset" 2743
"D:/UnrealStuff/FPSTest/Content/Interactable/Trigger_TouchTrap.uexp" 2744
"D:/UnrealStuff/FPSTest/Content/Textures/tx_crackedrocks_normal.ubulk" 2745
"D:/UnrealStuff/FPSTest/Content/Textures/tx_crackedrocks_normal.uasset" 2746
"D:/UnrealStuff/FPSTest/Content/Textures/tx_crackedrocks_normal.uexp" 2747
"D:/UnrealStuff/FPSTest/Content/Textures/tx_crackedrocks.ubulk" 2748
"D:/UnrealStuff/FPSTest/Content/Textures/tx_crackedrocks.uasset" 2749
"D:/UnrealStuff/FPSTest/Content/Textures/tx_crackedrocks.uexp" 2750
"D:/UnrealStuff/FPSTest/Content/Textures/M_CrackedRock.uasset" 2751
"D:/UnrealStuff/FPSTest/Content/Textures/M_CrackedRock.uexp" 2752
"D:/UnrealStuff/FPSTest/Content/Textures/tx_bricks.ubulk" 2753
"D:/UnrealStuff/FPSTest/Content/Textures/tx_bricks.uasset" 2754
"D:/UnrealStuff/FPSTest/Content/Textures/tx_bricks.uexp" 2755
"D:/UnrealStuff/FPSTest/Content/Textures/tx_bricks_normal.ubulk" 2756
"D:/UnrealStuff/FPSTest/Content/Textures/tx_bricks_normal.uasset" 2757
"D:/UnrealStuff/FPSTest/Content/Textures/tx_bricks_normal.uexp" 2758
"D:/UnrealStuff/FPSTest/Content/Textures/M_StoneBricks01.uasset" 2759
"D:/UnrealStuff/FPSTest/Content/Textures/M_StoneBricks01.uexp" 2760
"D:/UnrealStuff/FPSTest/Content/PickupContent/Keys/KeycardBlue_ncl1_1.ubulk" 2761
"D:/UnrealStuff/FPSTest/Content/PickupContent/Keys/KeycardBlue_ncl1_1.uasset" 2762
"D:/UnrealStuff/FPSTest/Content/PickupContent/Keys/KeycardBlue_ncl1_1.uexp" 2763
"D:/UnrealStuff/FPSTest/Content/PickupContent/Keys/KeycardBlue1.uasset" 2764
"D:/UnrealStuff/FPSTest/Content/PickupContent/Keys/KeycardBlue1.uexp" 2765
"D:/UnrealStuff/FPSTest/Content/PickupContent/Keys/KeycardBlue.ubulk" 2766
"D:/UnrealStuff/FPSTest/Content/PickupContent/Keys/KeycardBlue.uasset" 2767
"D:/UnrealStuff/FPSTest/Content/PickupContent/Keys/KeycardBlue.uexp" 2768
"D:/UnrealStuff/FPSTest/Content/Pickups/Pickup_BlueKeycard.uasset" 2769
"D:/UnrealStuff/FPSTest/Content/Pickups/Pickup_BlueKeycard.uexp" 2770
"D:/UnrealStuff/FPSTest/Content/Maps/Episode1/E1M4_BuiltData.ubulk" 2771
"D:/UnrealStuff/FPSTest/Content/Maps/Episode1/E1M4_BuiltData.uasset" 2772
"D:/UnrealStuff/FPSTest/Content/Maps/Episode1/E1M4_BuiltData.uexp" 2773
"D:/UnrealStuff/FPSTest/Content/Textures/tx_trigger_exit.ubulk" 2774
"D:/UnrealStuff/FPSTest/Content/Textures/tx_trigger_exit.uasset" 2775
"D:/UnrealStuff/FPSTest/Content/Textures/tx_trigger_exit.uexp" 2776
"D:/UnrealStuff/FPSTest/Content/Textures/M_ExitTrigger.uasset" 2777
"D:/UnrealStuff/FPSTest/Content/Textures/M_ExitTrigger.uexp" 2778
"D:/UnrealStuff/FPSTest/Content/Interactable/Trigger_ExitLevel.uasset" 2779
"D:/UnrealStuff/FPSTest/Content/Interactable/Trigger_ExitLevel.uexp" 2780
"D:/UnrealStuff/FPSTest/Content/Skybox/sky02.uasset" 2781
"D:/UnrealStuff/FPSTest/Content/Skybox/sky02.uexp" 2782
"D:/UnrealStuff/FPSTest/Content/Skybox/M_Sky02.uasset" 2783
"D:/UnrealStuff/FPSTest/Content/Skybox/M_Sky02.uexp" 2784
"D:/UnrealStuff/FPSTest/Content/PickupContent/Ammo/AmmoKit_ncl1_1.uasset" 2785
"D:/UnrealStuff/FPSTest/Content/PickupContent/Ammo/AmmoKit_ncl1_1.uexp" 2786
"D:/UnrealStuff/FPSTest/Content/PickupContent/Ammo/AmmoKit1.uasset" 2787
"D:/UnrealStuff/FPSTest/Content/PickupContent/Ammo/AmmoKit1.uexp" 2788
"D:/UnrealStuff/FPSTest/Content/PickupContent/Ammo/AmmoKit.ubulk" 2789
"D:/UnrealStuff/FPSTest/Content/PickupContent/Ammo/AmmoKit.uasset" 2790
"D:/UnrealStuff/FPSTest/Content/PickupContent/Ammo/AmmoKit.uexp" 2791
"D:/UnrealStuff/FPSTest/Content/Pickups/Pickup_AmmoKit.uasset" 2792
"D:/UnrealStuff/FPSTest/Content/Pickups/Pickup_AmmoKit.uexp" 2793
"D:/UnrealStuff/FPSTest/Content/Skybox/sky01.uasset" 2794
"D:/UnrealStuff/FPSTest/Content/Skybox/sky01.uexp" 2795
"D:/UnrealStuff/FPSTest/Content/Skybox/M_Sky01.uasset" 2796
"D:/UnrealStuff/FPSTest/Content/Skybox/M_Sky01.uexp" 2797
"D:/UnrealStuff/FPSTest/Content/PickupContent/Keys/KeycardYellow_ncl1_1.ubulk" 2798
"D:/UnrealStuff/FPSTest/Content/PickupContent/Keys/KeycardYellow_ncl1_1.uasset" 2799
"D:/UnrealStuff/FPSTest/Content/PickupContent/Keys/KeycardYellow_ncl1_1.uexp" 2800
"D:/UnrealStuff/FPSTest/Content/PickupContent/Keys/KeycardYellow1.uasset" 2801
"D:/UnrealStuff/FPSTest/Content/PickupContent/Keys/KeycardYellow1.uexp" 2802
"D:/UnrealStuff/FPSTest/Content/PickupContent/Keys/KeycardYellow.ubulk" 2803
"D:/UnrealStuff/FPSTest/Content/PickupContent/Keys/KeycardYellow.uasset" 2804
"D:/UnrealStuff/FPSTest/Content/PickupContent/Keys/KeycardYellow.uexp" 2805
"D:/UnrealStuff/FPSTest/Content/Pickups/Pickup_YellowKeycard.uasset" 2806
"D:/UnrealStuff/FPSTest/Content/Pickups/Pickup_YellowKeycard.uexp" 2807
"D:/UnrealStuff/FPSTest/Content/Textures/tx_metalplatform_normal.ubulk" 2808
"D:/UnrealStuff/FPSTest/Content/Textures/tx_metalplatform_normal.uasset" 2809
"D:/UnrealStuff/FPSTest/Content/Textures/tx_metalplatform_normal.uexp" 2810
"D:/UnrealStuff/FPSTest/Content/Textures/tx_metalplatform.ubulk" 2811
"D:/UnrealStuff/FPSTest/Content/Textures/tx_metalplatform.uasset" 2812
"D:/UnrealStuff/FPSTest/Content/Textures/tx_metalplatform.uexp" 2813
"D:/UnrealStuff/FPSTest/Content/Textures/M_MetalPlatform.uasset" 2814
"D:/UnrealStuff/FPSTest/Content/Textures/M_MetalPlatform.uexp" 2815
"D:/UnrealStuff/FPSTest/Content/Interactable/InteractableBase_MetalPlatform.uasset" 2816
"D:/UnrealStuff/FPSTest/Content/Interactable/InteractableBase_MetalPlatform.uexp" 2817
"D:/UnrealStuff/FPSTest/Content/Textures/tx_bricks2_dark.ubulk" 2818
"D:/UnrealStuff/FPSTest/Content/Textures/tx_bricks2_dark.uasset" 2819
"D:/UnrealStuff/FPSTest/Content/Textures/tx_bricks2_dark.uexp" 2820
"D:/UnrealStuff/FPSTest/Content/Textures/M_StoneBricks02_Dark.uasset" 2821
"D:/UnrealStuff/FPSTest/Content/Textures/M_StoneBricks02_Dark.uexp" 2822
"D:/UnrealStuff/FPSTest/Content/Maps/Episode1/E1M4.uexp" 2823
"D:/UnrealStuff/FPSTest/Content/Maps/Episode1/E1M4.umap" 2824
"D:/UnrealStuff/FPSTest/Content/PickupContent/Health/HealthPickup_ncl1_1.uasset" 2825
"D:/UnrealStuff/FPSTest/Content/PickupContent/Health/HealthPickup_ncl1_1.uexp" 2826
"D:/UnrealStuff/FPSTest/Content/PickupContent/Health/HealthPickup1.uasset" 2827
"D:/UnrealStuff/FPSTest/Content/PickupContent/Health/HealthPickup1.uexp" 2828
"D:/UnrealStuff/FPSTest/Content/PickupContent/Health/HealthPickup.ubulk" 2829
"D:/UnrealStuff/FPSTest/Content/PickupContent/Health/HealthPickup.uasset" 2830
"D:/UnrealStuff/FPSTest/Content/PickupContent/Health/HealthPickup.uexp" 2831
"D:/UnrealStuff/FPSTest/Content/Pickups/Pickup_Health_Bonus.uasset" 2832
"D:/UnrealStuff/FPSTest/Content/Pickups/Pickup_Health_Bonus.uexp" 2833
"D:/UnrealStuff/FPSTest/Content/Maps/Episode1/E1M2_BuiltData.ubulk" 2834
"D:/UnrealStuff/FPSTest/Content/Maps/Episode1/E1M2_BuiltData.uasset" 2835
"D:/UnrealStuff/FPSTest/Content/Maps/Episode1/E1M2_BuiltData.uexp" 2836
"D:/UnrealStuff/FPSTest/Content/Textures/tx_trigger_secret.ubulk" 2837
"D:/UnrealStuff/FPSTest/Content/Textures/tx_trigger_secret.uasset" 2838
"D:/UnrealStuff/FPSTest/Content/Textures/tx_trigger_secret.uexp" 2839
"D:/UnrealStuff/FPSTest/Content/Textures/M_SecretTrigger.uasset" 2840
"D:/UnrealStuff/FPSTest/Content/Textures/M_SecretTrigger.uexp" 2841
"D:/UnrealStuff/FPSTest/Content/Interactable/Trigger_Secret.uasset" 2842
"D:/UnrealStuff/FPSTest/Content/Interactable/Trigger_Secret.uexp" 2843
"D:/UnrealStuff/FPSTest/Content/Textures/tx_woodcrate.ubulk" 2844
"D:/UnrealStuff/FPSTest/Content/Textures/tx_woodcrate.uasset" 2845
"D:/UnrealStuff/FPSTest/Content/Textures/tx_woodcrate.uexp" 2846
"D:/UnrealStuff/FPSTest/Content/Textures/tx_woodcrate_normal.ubulk" 2847
"D:/UnrealStuff/FPSTest/Content/Textures/tx_woodcrate_normal.uasset" 2848
"D:/UnrealStuff/FPSTest/Content/Textures/tx_woodcrate_normal.uexp" 2849
"D:/UnrealStuff/FPSTest/Content/Textures/M_WoodBox.uasset" 2850
"D:/UnrealStuff/FPSTest/Content/Textures/M_WoodBox.uexp" 2851
"D:/UnrealStuff/FPSTest/Content/Textures/tx_dirt2_planks_normal.ubulk" 2852
"D:/UnrealStuff/FPSTest/Content/Textures/tx_dirt2_planks_normal.uasset" 2853
"D:/UnrealStuff/FPSTest/Content/Textures/tx_dirt2_planks_normal.uexp" 2854
"D:/UnrealStuff/FPSTest/Content/Textures/tx_dirt2_planks.ubulk" 2855
"D:/UnrealStuff/FPSTest/Content/Textures/tx_dirt2_planks.uasset" 2856
"D:/UnrealStuff/FPSTest/Content/Textures/tx_dirt2_planks.uexp" 2857
"D:/UnrealStuff/FPSTest/Content/Textures/M_Dirt_Planks.uasset" 2858
"D:/UnrealStuff/FPSTest/Content/Textures/M_Dirt_Planks.uexp" 2859
"D:/UnrealStuff/FPSTest/Content/PickupContent/Health/HealthPack_ncl1_1.uasset" 2860
"D:/UnrealStuff/FPSTest/Content/PickupContent/Health/HealthPack_ncl1_1.uexp" 2861
"D:/UnrealStuff/FPSTest/Content/PickupContent/Health/HealthPack1.uasset" 2862
"D:/UnrealStuff/FPSTest/Content/PickupContent/Health/HealthPack1.uexp" 2863
"D:/UnrealStuff/FPSTest/Content/PickupContent/Health/HealthPack.ubulk" 2864
"D:/UnrealStuff/FPSTest/Content/PickupContent/Health/HealthPack.uasset" 2865
"D:/UnrealStuff/FPSTest/Content/PickupContent/Health/HealthPack.uexp" 2866
"D:/UnrealStuff/FPSTest/Content/Pickups/Pickup_Health_Small.uasset" 2867
"D:/UnrealStuff/FPSTest/Content/Pickups/Pickup_Health_Small.uexp" 2868
"D:/UnrealStuff/FPSTest/Content/PickupContent/Armor/ArmorBonus_ncl1_1.uasset" 2869
"D:/UnrealStuff/FPSTest/Content/PickupContent/Armor/ArmorBonus_ncl1_1.uexp" 2870
"D:/UnrealStuff/FPSTest/Content/PickupContent/Armor/ArmorBonus1.uasset" 2871
"D:/UnrealStuff/FPSTest/Content/PickupContent/Armor/ArmorBonus1.uexp" 2872
"D:/UnrealStuff/FPSTest/Content/PickupContent/Armor/ArmorBonus.ubulk" 2873
"D:/UnrealStuff/FPSTest/Content/PickupContent/Armor/ArmorBonus.uasset" 2874
"D:/UnrealStuff/FPSTest/Content/PickupContent/Armor/ArmorBonus.uexp" 2875
"D:/UnrealStuff/FPSTest/Content/Pickups/Pickup_Armor_Bonus.uasset" 2876
"D:/UnrealStuff/FPSTest/Content/Pickups/Pickup_Armor_Bonus.uexp" 2877
"D:/UnrealStuff/FPSTest/Content/Textures/tx_teleporter_frame_top_normal.ubulk" 2878
"D:/UnrealStuff/FPSTest/Content/Textures/tx_teleporter_frame_top_normal.uasset" 2879
"D:/UnrealStuff/FPSTest/Content/Textures/tx_teleporter_frame_top_normal.uexp" 2880
"D:/UnrealStuff/FPSTest/Content/Textures/tx_teleporter_frame_top.ubulk" 2881
"D:/UnrealStuff/FPSTest/Content/Textures/tx_teleporter_frame_top.uasset" 2882
"D:/UnrealStuff/FPSTest/Content/Textures/tx_teleporter_frame_top.uexp" 2883
"D:/UnrealStuff/FPSTest/Content/Textures/M_Teleplatform.uasset" 2884
"D:/UnrealStuff/FPSTest/Content/Textures/M_Teleplatform.uexp" 2885
"D:/UnrealStuff/FPSTest/Content/Sounds/Entities/teleport.ubulk" 2886
"D:/UnrealStuff/FPSTest/Content/Sounds/Entities/teleport.uasset" 2887
"D:/UnrealStuff/FPSTest/Content/Sounds/Entities/teleport.uexp" 2888
"D:/UnrealStuff/FPSTest/Content/Interactable/Teleporter_Base.uasset" 2889
"D:/UnrealStuff/FPSTest/Content/Interactable/Teleporter_Base.uexp" 2890
"D:/UnrealStuff/FPSTest/Content/Textures/tx_dirt2_normal.ubulk" 2891
"D:/UnrealStuff/FPSTest/Content/Textures/tx_dirt2_normal.uasset" 2892
"D:/UnrealStuff/FPSTest/Content/Textures/tx_dirt2_normal.uexp" 2893
"D:/UnrealStuff/FPSTest/Content/Textures/tx_dirt2_cracked.ubulk" 2894
"D:/UnrealStuff/FPSTest/Content/Textures/tx_dirt2_cracked.uasset" 2895
"D:/UnrealStuff/FPSTest/Content/Textures/tx_dirt2_cracked.uexp" 2896
"D:/UnrealStuff/FPSTest/Content/Textures/M_Dirt_Cracked.uasset" 2897
"D:/UnrealStuff/FPSTest/Content/Textures/M_Dirt_Cracked.uexp" 2898
"D:/UnrealStuff/FPSTest/Content/Textures/tx_metalblock_normal.ubulk" 2899
"D:/UnrealStuff/FPSTest/Content/Textures/tx_metalblock_normal.uasset" 2900
"D:/UnrealStuff/FPSTest/Content/Textures/tx_metalblock_normal.uexp" 2901
"D:/UnrealStuff/FPSTest/Content/Textures/M_MetalBlock01.uasset" 2902
"D:/UnrealStuff/FPSTest/Content/Textures/M_MetalBlock01.uexp" 2903
"D:/UnrealStuff/FPSTest/Content/Textures/tx_bricks2_blue.ubulk" 2904
"D:/UnrealStuff/FPSTest/Content/Textures/tx_bricks2_blue.uasset" 2905
"D:/UnrealStuff/FPSTest/Content/Textures/tx_bricks2_blue.uexp" 2906
"D:/UnrealStuff/FPSTest/Content/Textures/M_StoneBricks02_Blue.uasset" 2907
"D:/UnrealStuff/FPSTest/Content/Textures/M_StoneBricks02_Blue.uexp" 2908
"D:/UnrealStuff/FPSTest/Content/Textures/tx_bricks2.ubulk" 2909
"D:/UnrealStuff/FPSTest/Content/Textures/tx_bricks2.uasset" 2910
"D:/UnrealStuff/FPSTest/Content/Textures/tx_bricks2.uexp" 2911
"D:/UnrealStuff/FPSTest/Content/Textures/M_StoneBricks02.uasset" 2912
"D:/UnrealStuff/FPSTest/Content/Textures/M_StoneBricks02.uexp" 2913
"D:/UnrealStuff/FPSTest/Content/Textures/tx_dirt2.ubulk" 2914
"D:/UnrealStuff/FPSTest/Content/Textures/tx_dirt2.uasset" 2915
"D:/UnrealStuff/FPSTest/Content/Textures/tx_dirt2.uexp" 2916
"D:/UnrealStuff/FPSTest/Content/Textures/M_Dirt.uasset" 2917
"D:/UnrealStuff/FPSTest/Content/Textures/M_Dirt.uexp" 2918
"D:/UnrealStuff/FPSTest/Content/Textures/tx_bricks2_red.ubulk" 2919
"D:/UnrealStuff/FPSTest/Content/Textures/tx_bricks2_red.uasset" 2920
"D:/UnrealStuff/FPSTest/Content/Textures/tx_bricks2_red.uexp" 2921
"D:/UnrealStuff/FPSTest/Content/Textures/M_StoneBricks02_Red.uasset" 2922
"D:/UnrealStuff/FPSTest/Content/Textures/M_StoneBricks02_Red.uexp" 2923
"D:/UnrealStuff/FPSTest/Content/Textures/tx_grass.ubulk" 2924
"D:/UnrealStuff/FPSTest/Content/Textures/tx_grass.uasset" 2925
"D:/UnrealStuff/FPSTest/Content/Textures/tx_grass.uexp" 2926
"D:/UnrealStuff/FPSTest/Content/Textures/M_Grass01.uasset" 2927
"D:/UnrealStuff/FPSTest/Content/Textures/M_Grass01.uexp" 2928
"D:/UnrealStuff/FPSTest/Content/Textures/tx_stairsteps_normal.ubulk" 2929
"D:/UnrealStuff/FPSTest/Content/Textures/tx_stairsteps_normal.uasset" 2930
"D:/UnrealStuff/FPSTest/Content/Textures/tx_stairsteps_normal.uexp" 2931
"D:/UnrealStuff/FPSTest/Content/Textures/tx_stairsteps.ubulk" 2932
"D:/UnrealStuff/FPSTest/Content/Textures/tx_stairsteps.uasset" 2933
"D:/UnrealStuff/FPSTest/Content/Textures/tx_stairsteps.uexp" 2934
"D:/UnrealStuff/FPSTest/Content/Textures/M_StairSteps01.uasset" 2935
"D:/UnrealStuff/FPSTest/Content/Textures/M_StairSteps01.uexp" 2936
"D:/UnrealStuff/FPSTest/Content/Maps/Episode1/E1M2.uexp" 2937
"D:/UnrealStuff/FPSTest/Content/Maps/Episode1/E1M2.umap" 2938
"D:/UnrealStuff/FPSTest/Content/Textures/tx_metalfloor_normal.ubulk" 2939
"D:/UnrealStuff/FPSTest/Content/Textures/tx_metalfloor_normal.uasset" 2940
"D:/UnrealStuff/FPSTest/Content/Textures/tx_metalfloor_normal.uexp" 2941
"D:/UnrealStuff/FPSTest/Content/Textures/tx_genericfloor.ubulk" 2942
"D:/UnrealStuff/FPSTest/Content/Textures/tx_genericfloor.uasset" 2943
"D:/UnrealStuff/FPSTest/Content/Textures/tx_genericfloor.uexp" 2944
"D:/UnrealStuff/FPSTest/Content/Textures/tx_metalfloor.ubulk" 2945
"D:/UnrealStuff/FPSTest/Content/Textures/tx_metalfloor.uasset" 2946
"D:/UnrealStuff/FPSTest/Content/Textures/tx_metalfloor.uexp" 2947
"D:/UnrealStuff/FPSTest/Content/Textures/M_MetalFloor01.uasset" 2948
"D:/UnrealStuff/FPSTest/Content/Textures/M_MetalFloor01.uexp" 2949
"D:/UnrealStuff/FPSTest/Content/Textures/tx_metalwall.uasset" 2950
"D:/UnrealStuff/FPSTest/Content/Textures/tx_metalwall.uexp" 2951
"D:/UnrealStuff/FPSTest/Content/Textures/tx_metalwall_normal.ubulk" 2952
"D:/UnrealStuff/FPSTest/Content/Textures/tx_metalwall_normal.uasset" 2953
"D:/UnrealStuff/FPSTest/Content/Textures/tx_metalwall_normal.uexp" 2954
"D:/UnrealStuff/FPSTest/Content/Textures/M_MetalWall01.uasset" 2955
"D:/UnrealStuff/FPSTest/Content/Textures/M_MetalWall01.uexp" 2956
"D:/UnrealStuff/FPSTest/Content/Textures/tx_metaltile.ubulk" 2957
"D:/UnrealStuff/FPSTest/Content/Textures/tx_metaltile.uasset" 2958
"D:/UnrealStuff/FPSTest/Content/Textures/tx_metaltile.uexp" 2959
"D:/UnrealStuff/FPSTest/Content/Textures/tx_metaltile_normal.ubulk" 2960
"D:/UnrealStuff/FPSTest/Content/Textures/tx_metaltile_normal.uasset" 2961
"D:/UnrealStuff/FPSTest/Content/Textures/tx_metaltile_normal.uexp" 2962
"D:/UnrealStuff/FPSTest/Content/Textures/M_MetalTile01.uasset" 2963
"D:/UnrealStuff/FPSTest/Content/Textures/M_MetalTile01.uexp" 2964
"D:/UnrealStuff/FPSTest/Content/Textures/tx_metaldoor01_normal.ubulk" 2965
"D:/UnrealStuff/FPSTest/Content/Textures/tx_metaldoor01_normal.uasset" 2966
"D:/UnrealStuff/FPSTest/Content/Textures/tx_metaldoor01_normal.uexp" 2967
"D:/UnrealStuff/FPSTest/Content/Textures/tx_metaldoor01.ubulk" 2968
"D:/UnrealStuff/FPSTest/Content/Textures/tx_metaldoor01.uasset" 2969
"D:/UnrealStuff/FPSTest/Content/Textures/tx_metaldoor01.uexp" 2970
"D:/UnrealStuff/FPSTest/Content/Textures/M_MetalDoor01.uasset" 2971
"D:/UnrealStuff/FPSTest/Content/Textures/M_MetalDoor01.uexp" 2972
"D:/UnrealStuff/FPSTest/Content/Maps/Episode1/E1M1_BuiltData.ubulk" 2973
"D:/UnrealStuff/FPSTest/Content/Maps/Episode1/E1M1_BuiltData.uasset" 2974
"D:/UnrealStuff/FPSTest/Content/Maps/Episode1/E1M1_BuiltData.uexp" 2975
"D:/UnrealStuff/FPSTest/Content/Textures/tx_metalwall_console.ubulk" 2976
"D:/UnrealStuff/FPSTest/Content/Textures/tx_metalwall_console.uasset" 2977
"D:/UnrealStuff/FPSTest/Content/Textures/tx_metalwall_console.uexp" 2978
"D:/UnrealStuff/FPSTest/Content/Textures/M_MetalWall01_Console.uasset" 2979
"D:/UnrealStuff/FPSTest/Content/Textures/M_MetalWall01_Console.uexp" 2980
"D:/UnrealStuff/FPSTest/Content/Textures/tx_genericfloor_normal.ubulk" 2981
"D:/UnrealStuff/FPSTest/Content/Textures/tx_genericfloor_normal.uasset" 2982
"D:/UnrealStuff/FPSTest/Content/Textures/tx_genericfloor_normal.uexp" 2983
"D:/UnrealStuff/FPSTest/Content/Textures/M_GenericFloor01.uasset" 2984
"D:/UnrealStuff/FPSTest/Content/Textures/M_GenericFloor01.uexp" 2985
"D:/UnrealStuff/FPSTest/Content/Textures/tx_metalceiling.ubulk" 2986
"D:/UnrealStuff/FPSTest/Content/Textures/tx_metalceiling.uasset" 2987
"D:/UnrealStuff/FPSTest/Content/Textures/tx_metalceiling.uexp" 2988
"D:/UnrealStuff/FPSTest/Content/Textures/tx_metalceiling_normal.ubulk" 2989
"D:/UnrealStuff/FPSTest/Content/Textures/tx_metalceiling_normal.uasset" 2990
"D:/UnrealStuff/FPSTest/Content/Textures/tx_metalceiling_normal.uexp" 2991
"D:/UnrealStuff/FPSTest/Content/Textures/M_MetalCeil01.uasset" 2992
"D:/UnrealStuff/FPSTest/Content/Textures/M_MetalCeil01.uexp" 2993
"D:/UnrealStuff/FPSTest/Content/Textures/tx_woodcratefragile.ubulk" 2994
"D:/UnrealStuff/FPSTest/Content/Textures/tx_woodcratefragile.uasset" 2995
"D:/UnrealStuff/FPSTest/Content/Textures/tx_woodcratefragile.uexp" 2996
"D:/UnrealStuff/FPSTest/Content/Textures/M_WoodBox1.uasset" 2997
"D:/UnrealStuff/FPSTest/Content/Textures/M_WoodBox1.uexp" 2998
"D:/UnrealStuff/FPSTest/Content/Textures/tx_metalwall_decal.ubulk" 2999
"D:/UnrealStuff/FPSTest/Content/Textures/tx_metalwall_decal.uasset" 3000
"D:/UnrealStuff/FPSTest/Content/Textures/tx_metalwall_decal.uexp" 3001
"D:/UnrealStuff/FPSTest/Content/Textures/M_MetalWall01_Decal.uasset" 3002
"D:/UnrealStuff/FPSTest/Content/Textures/M_MetalWall01_Decal.uexp" 3003
"D:/UnrealStuff/FPSTest/Content/Maps/Episode1/E1M1.uexp" 3004
"D:/UnrealStuff/FPSTest/Content/Maps/Episode1/E1M1.umap" 3005
"D:/UnrealStuff/FPSTest/Content/Textures/tx_bricks2_yellow.ubulk" 3006
"D:/UnrealStuff/FPSTest/Content/Textures/tx_bricks2_yellow.uasset" 3007
"D:/UnrealStuff/FPSTest/Content/Textures/tx_bricks2_yellow.uexp" 3008
"D:/UnrealStuff/FPSTest/Content/Textures/M_StoneBricks02_Yellow.uasset" 3009
"D:/UnrealStuff/FPSTest/Content/Textures/M_StoneBricks02_Yellow.uexp" 3010
"D:/UnrealStuff/FPSTest/Content/Maps/Episode1/E1M3_BuiltData.ubulk" 3011
"D:/UnrealStuff/FPSTest/Content/Maps/Episode1/E1M3_BuiltData.uasset" 3012
"D:/UnrealStuff/FPSTest/Content/Maps/Episode1/E1M3_BuiltData.uexp" 3013
"D:/UnrealStuff/FPSTest/Content/Textures/tx_metalflat_normal.ubulk" 3014
"D:/UnrealStuff/FPSTest/Content/Textures/tx_metalflat_normal.uasset" 3015
"D:/UnrealStuff/FPSTest/Content/Textures/tx_metalflat_normal.uexp" 3016
"D:/UnrealStuff/FPSTest/Content/Textures/tx_metalflat.ubulk" 3017
"D:/UnrealStuff/FPSTest/Content/Textures/tx_metalflat.uasset" 3018
"D:/UnrealStuff/FPSTest/Content/Textures/tx_metalflat.uexp" 3019
"D:/UnrealStuff/FPSTest/Content/Textures/M_MetalFlat.uasset" 3020
"D:/UnrealStuff/FPSTest/Content/Textures/M_MetalFlat.uexp" 3021
"D:/UnrealStuff/FPSTest/Content/Maps/Episode1/E1M3.uexp" 3022
"D:/UnrealStuff/FPSTest/Content/Maps/Episode1/E1M3.umap" 3023
"D:/UnrealStuff/FPSTest/Content/FirstPerson/Maps/FirstPersonMap.uexp" 3024
"D:/UnrealStuff/FPSTest/Content/FirstPerson/Maps/FirstPersonMap.umap" 3025
"../../../Engine/Content/Maps/Entry_BuiltData.uasset" 3026
"../../../Engine/Content/Maps/Entry_BuiltData.uexp" 3027
"../../../Engine/Content/Maps/Entry.uexp" 3028
"../../../Engine/Content/Maps/Entry.umap" 3029
